Cut ID,Cut Name,Family,Cost Tier,Richness (0-10),Tenderness (0-10),Beef Flavor / Boldness (0-10),Familiarity Needed (Adventure 0-10),Precision Needed (0-10),Value Orientation (0-10),Difficulty Scale,Familiarity Scale,Equipment Scale,Top Method Triggers,Top Budget Triggers,Top Familiarity Triggers,Top Cuisine Triggers,Top Meal Context Triggers,Top Side Plan Triggers,Seasoning Intent Triggers,Top Selection Signals,Primary Cooking Method,Doneness Guidance,Temp Guidance,Selection Summary
ribeye,Ribeye,Rib,Premium,9,7,9,4,4,2,Easy,Familiar,Basic setup,Pan sear (+3) | High-heat grill (+2) | Oven roast + sear (+2) || Temp-driven reverse sear (+5) | Two-zone heat control (+3),Premium / no strict limit (+7) | Mid-premium (+2),Familiar basics (+2) | Need guidance / recipes (+2) || Minimal (+3) | Low (+2) || Single cut + simple steps (+3) | Familiar only (+3),Steakhouse (+9) | American grill (+2) | Italian / comfort dishes (+2),Date night (+5) | Hosting guests (+3),Light sides (+3) | Minimal sides (+3) | Sauce-heavy sides (+2),Quality showcase (+5) | Simple prep (+4),budget=Premium / no strict limit (+7) ; cuisineStyle=Steakhouse (+6) ; advancedTechnique=Temp-driven reverse sear (+5) ; fatCapPreference=Love fat cap (+5) ; seasoningIntent=Quality showcase (+5) ; occasionType=Date night (+5) ; buyPrecision=Exact spec (+4) ; seasoningIntent=Simple prep (+4) ; mealFormat=Plated steak (+4) ; method=Pan sear (+3) ; specialtyComfort=Minimal (+3) ; advancedTechnique=Two-zone heat control (+3),High-heat sear with optional controlled finishing,Medium-rare,130-135F final internal temperature,Best when cooked via Pan sear | High-heat grill. Fits Familiar basics familiarity. Aligns with Premium / no strict limit budget. Strong in Steakhouse cuisine use.
tomahawk_ribeye,Tomahawk Ribeye,Rib,Premium,9,7,9,5,6,1,Skilled,Familiar-Plus,Extended setup,High-heat grill (+6) | Oven roast + sear (+6) | Pan sear (+3) || Temp-driven reverse sear (+5) | Two-zone heat control (+3),Premium / no strict limit (+7) | Mid-premium (+2),Expert cut fluency (+2) | Comfortable with common cuts (+1) || Minimal (+3) | Low (+2) || Single cut + simple steps (+3) | Learn progressively (+3),Steakhouse (+9) | American grill (+2) | Italian / comfort dishes (+2),Date night (+5) | Hosting guests (+3),Light sides (+3) | Minimal sides (+3) | Sauce-heavy sides (+2),Quality showcase (+5) | Simple prep (+1),budget=Premium / no strict limit (+7) ; method=High-heat grill (+6) ; method=Oven roast + sear (+6) ; smokeLevel=Heavy (+6) ; cuisineStyle=Steakhouse (+6) ; advancedTechnique=Temp-driven reverse sear (+5) ; bonePreference=Bone-in (+5) ; cookWindow=45+ minute project (+5) ; fatCapPreference=Love fat cap (+5) ; seasoningIntent=Quality showcase (+5) ; occasionType=Date night (+5) ; buyPrecision=Exact spec (+4),Two-zone grill or reverse sear with indirect finish,Medium-rare,130-136F final internal temperature,Best when cooked via High-heat grill | Oven roast + sear. Fits Expert cut fluency familiarity. Aligns with Premium / no strict limit budget. Strong in Steakhouse cuisine use.
ribeye_cap,Ribeye Cap,Rib,Premium,10,8,9,7,3,1,Easy,Specialty,Basic setup,Pan sear (+3) | High-heat grill (+2) | Oven roast + sear (+2) || Temp-driven reverse sear (+5) | Two-zone heat control (+3),Premium / no strict limit (+7) | Mid-premium (+2),Expert cut fluency (+5) || High (+4) | Medium (+2) || Learn progressively (+3) | Top 3 + swaps (+1),Steakhouse (+9) | Italian / comfort dishes (+4) | Mexican / fajitas (+1),Date night (+5) | Hosting guests (+3),Light sides (+3) | Minimal sides (+3) | Sauce-heavy sides (+2),Quality showcase (+5) | Simple prep (+1),budget=Premium / no strict limit (+7) ; cuisineStyle=Steakhouse (+6) ; comfort=Expert cut fluency (+5) ; advancedTechnique=Temp-driven reverse sear (+5) ; fatCapPreference=Love fat cap (+5) ; seasoningIntent=Quality showcase (+5) ; occasionType=Date night (+5) ; specialtyComfort=High (+4) ; buyPrecision=Exact spec (+4) ; mealFormat=Plated steak (+4) ; method=Pan sear (+3) ; advancedTechnique=Two-zone heat control (+3),Rapid high-heat sear to preserve internal fat quality,Rare to medium-rare,125-133F final internal temperature,Best when cooked via Pan sear | High-heat grill. Fits Expert cut fluency familiarity. Aligns with Premium / no strict limit budget. Strong in Steakhouse cuisine use.
strip,New York Strip,Loin,Mid-Premium,6,6,8,3,6,4,Easy,Familiar,Standard setup,High-heat grill (+6) | Pan sear (+6) | Sous vide / precision (+2) || Two-zone heat control (+3) | Temp-driven reverse sear (+2),Mid-premium (+5) | Moderate (+4) | Premium / no strict limit (+2),Familiar basics (+2) | Need guidance / recipes (+2) || Minimal (+3) | Low (+2) || Single cut + simple steps (+3) | Familiar only (+3),Steakhouse (+9) | Italian / comfort dishes (+6) | American grill (+2),Date night (+5) | Hosting guests (+3),Rich sides (+3) | Light sides (+3) | Minimal sides (+3),Quality showcase (+2) | Simple prep (+1),method=High-heat grill (+6) ; method=Pan sear (+6) ; smokeLevel=Heavy (+6) ; cuisineStyle=Steakhouse (+6) ; budget=Mid-premium (+5) ; occasionType=Date night (+5) ; budget=Moderate (+4) ; smokeLevel=Medium (+4) ; mealFormat=Plated steak (+4) ; cuisineStyle=Italian / comfort dishes (+4) ; specialtyComfort=Minimal (+3) ; advancedTechnique=Two-zone heat control (+3),Cast-iron or grill with two-zone finishing,Medium-rare to medium,132-140F final internal temperature,Best when cooked via High-heat grill | Pan sear. Fits Familiar basics familiarity. Aligns with Mid-premium budget. Strong in Steakhouse cuisine use.
bone_in_strip,Bone-In New York Strip,Loin,Mid-Premium,6,6,8,4,5,4,Easy,Familiar,Basic setup,Pan sear (+3) | High-heat grill (+2) | Oven roast + sear (+2) || Temp-driven reverse sear (+5) | Two-zone heat control (+3),Mid-premium (+5) | Moderate (+4) | Premium / no strict limit (+2),Familiar basics (+2) | Need guidance / recipes (+2) || Minimal (+3) | Low (+2) || Single cut + simple steps (+3) | Familiar only (+3),Steakhouse (+9) | American grill (+2) | Italian / comfort dishes (+2),Hosting guests (+3) | Date night (+1),Rich sides (+3) | Light sides (+3) | Minimal sides (+3),Simple prep (+4) | Quality showcase (+2),cuisineStyle=Steakhouse (+6) ; budget=Mid-premium (+5) ; advancedTechnique=Temp-driven reverse sear (+5) ; bonePreference=Bone-in (+5) ; fatCapPreference=Love fat cap (+5) ; budget=Moderate (+4) ; buyPrecision=Exact spec (+4) ; seasoningIntent=Simple prep (+4) ; mealFormat=Plated steak (+4) ; method=Pan sear (+3) ; specialtyComfort=Minimal (+3) ; advancedTechnique=Two-zone heat control (+3),Sear direct heat then finish indirect,Medium-rare to medium,132-140F final internal temperature,Best when cooked via Pan sear | High-heat grill. Fits Familiar basics familiarity. Aligns with Mid-premium budget. Strong in Steakhouse cuisine use.
strip_filet_split,Strip Filet,Loin,Premium,5,7,7,6,7,3,Skilled,Familiar-Plus,Basic setup,Sous vide / precision (+5) | Pan sear (+3) | High-heat grill (+2) || Temp-driven reverse sear (+5) | Two-zone heat control (+3),Premium / no strict limit (+7) | Mid-premium (+2),Expert cut fluency (+2) | Comfortable with common cuts (+1) || Minimal (+1) || Learn progressively (+3) | Top 3 + swaps (+1),Steakhouse (+4) | American grill (+2) | Italian / comfort dishes (+2),Date night (+1),Rich sides (+3) | Sauce-heavy sides (+2) | Minimal sides (+1),Quality showcase (+5) | Simple prep (+1),budget=Premium / no strict limit (+7) ; method=Sous vide / precision (+5) ; advancedTechnique=Temp-driven reverse sear (+5) ; cookWindow=45+ minute project (+5) ; seasoningIntent=Quality showcase (+5) ; buyPrecision=Exact spec (+4) ; priority=Best consistency (+4) ; mealFormat=Plated steak (+4) ; method=Pan sear (+3) ; advancedTechnique=Two-zone heat control (+3) ; buyPrecision=Exact cut flexible thickness (+3) ; guidanceLevel=Learn progressively (+3),Controlled sear with close temperature tracking,Medium-rare,130-136F final internal temperature,Best when cooked via Sous vide / precision | Pan sear. Fits Expert cut fluency familiarity. Aligns with Premium / no strict limit budget. Strong in Steakhouse cuisine use.
filet_mignon,Filet Mignon,Loin,Premium,3,10,4,2,9,1,Moderate,Familiar,Extended setup,Pan sear (+6) | Oven roast + sear (+6) | Sous vide / precision (+5) || Temp-driven reverse sear (+5) | Two-zone heat control (+3),Premium / no strict limit (+7) | Mid-premium (+2),Familiar basics (+2) | Need guidance / recipes (+2) || Minimal (+3) | Low (+2) || Single cut + simple steps (+3) | Familiar only (+3),Steakhouse (+9) | Italian / comfort dishes (+6) | Mexican / fajitas (+1),Date night (+5),Rich sides (+3),Quality showcase (+5) | Simple prep (+1),budget=Premium / no strict limit (+7) ; method=Pan sear (+6) ; method=Oven roast + sear (+6) ; cuisineStyle=Steakhouse (+6) ; method=Sous vide / precision (+5) ; advancedTechnique=Temp-driven reverse sear (+5) ; cookWindow=45+ minute project (+5) ; seasoningIntent=Quality showcase (+5) ; occasionType=Date night (+5) ; buyPrecision=Exact spec (+4) ; priority=Best consistency (+4) ; mealFormat=Plated steak (+4),Pan sear then oven finish,Rare to medium-rare,125-132F final internal temperature,Best when cooked via Pan sear | Oven roast + sear. Fits Familiar basics familiarity. Aligns with Premium / no strict limit budget. Strong in Steakhouse cuisine use.
filet_medallions,Filet Medallions,Loin,Premium,3,9,4,3,8,2,Moderate,Familiar,Standard setup,Pan sear (+6) | Sous vide / precision (+5) | High-heat grill (+2) || Temp-driven reverse sear (+5) | Two-zone heat control (+3),Premium / no strict limit (+7) | Mid-premium (+2),Familiar basics (+2) | Need guidance / recipes (+2) || Minimal (+3) | Low (+2) || Single cut + simple steps (+3) | Familiar only (+3),Steakhouse (+9) | Italian / comfort dishes (+4) | Mexican / fajitas (+1),Date night (+5),Rich sides (+3),Quality showcase (+5) | Simple prep (+1),budget=Premium / no strict limit (+7) ; method=Pan sear (+6) ; cuisineStyle=Steakhouse (+6) ; method=Sous vide / precision (+5) ; advancedTechnique=Temp-driven reverse sear (+5) ; cookWindow=45+ minute project (+5) ; seasoningIntent=Quality showcase (+5) ; occasionType=Date night (+5) ; buyPrecision=Exact spec (+4) ; priority=Best consistency (+4) ; mealFormat=Plated steak (+4) ; specialtyComfort=Minimal (+3),Fast pan sear with careful carryover control,Rare to medium-rare,124-132F final internal temperature,Best when cooked via Pan sear | Sous vide / precision. Fits Familiar basics familiarity. Aligns with Premium / no strict limit budget. Strong in Steakhouse cuisine use.
porterhouse,Porterhouse,Loin,Premium,7,8,8,5,6,2,Skilled,Familiar-Plus,Extended setup,High-heat grill (+6) | Oven roast + sear (+6) | Pan sear (+3) || Temp-driven reverse sear (+5) | Two-zone heat control (+3),Premium / no strict limit (+7) | Mid-premium (+2),Expert cut fluency (+2) | Comfortable with common cuts (+1) || Minimal (+3) | Low (+2) || Single cut + simple steps (+3) | Learn progressively (+3),Steakhouse (+9) | Italian / comfort dishes (+4) | Mexican / fajitas (+1),Date night (+5) | Hosting guests (+3),Light sides (+3) | Minimal sides (+3) | Sauce-heavy sides (+2),Quality showcase (+5) | Simple prep (+1),budget=Premium / no strict limit (+7) ; method=High-heat grill (+6) ; method=Oven roast + sear (+6) ; smokeLevel=Heavy (+6) ; cuisineStyle=Steakhouse (+6) ; advancedTechnique=Temp-driven reverse sear (+5) ; bonePreference=Bone-in (+5) ; cookWindow=45+ minute project (+5) ; seasoningIntent=Quality showcase (+5) ; occasionType=Date night (+5) ; buyPrecision=Exact spec (+4) ; smokeLevel=Medium (+4),Two-zone grill or reverse sear,Medium-rare,130-136F final internal temperature,Best when cooked via High-heat grill | Oven roast + sear. Fits Expert cut fluency familiarity. Aligns with Premium / no strict limit budget. Strong in Steakhouse cuisine use.
t_bone,T-Bone,Loin,Premium,6,7,8,4,6,3,Easy,Familiar,Standard setup,High-heat grill (+6) | Sous vide / precision (+2) || Temp-driven reverse sear (+5) | Two-zone heat control (+3),Premium / no strict limit (+7) | Mid-premium (+2),Familiar basics (+2) | Need guidance / recipes (+2) || Minimal (+3) | Low (+2) || Single cut + simple steps (+3) | Familiar only (+3),Steakhouse (+9) | American grill (+2) | Italian / comfort dishes (+2),Date night (+5) | Hosting guests (+3),Rich sides (+3) | Light sides (+3) | Minimal sides (+3),Quality showcase (+5) | Simple prep (+1),budget=Premium / no strict limit (+7) ; method=High-heat grill (+6) ; smokeLevel=Heavy (+6) ; cuisineStyle=Steakhouse (+6) ; advancedTechnique=Temp-driven reverse sear (+5) ; bonePreference=Bone-in (+5) ; seasoningIntent=Quality showcase (+5) ; occasionType=Date night (+5) ; buyPrecision=Exact spec (+4) ; smokeLevel=Medium (+4) ; mealFormat=Plated steak (+4) ; specialtyComfort=Minimal (+3),Direct/indirect hybrid grilling,Medium-rare to medium,132-138F final internal temperature,Best when cooked via High-heat grill | Sous vide / precision. Fits Familiar basics familiarity. Aligns with Premium / no strict limit budget. Strong in Steakhouse cuisine use.
top_sirloin,Top Sirloin,Sirloin,Value,5,6,7,3,6,7,Easy,Familiar,Standard setup,High-heat grill (+6) | Pan sear (+6) | Oven roast + sear (+2) || Two-zone heat control (+3) | Temp-driven reverse sear (+2),Lowest-cost options first (+8) | Value-focused (+6) | Moderate (+3),Familiar basics (+2) | Need guidance / recipes (+2) || Minimal (+3) | Low (+2) || Single cut + simple steps (+3) | Familiar only (+3),American grill (+8) | Italian / comfort dishes (+6) | Mexican / fajitas (+4),Game day / BBQ (+4) | Weeknight dinner (+3) | Date night (+1),Rich sides (+3) | Sauce-heavy sides (+2) | Minimal sides (+1),Simple prep (+2),budget=Lowest-cost options first (+8) ; method=High-heat grill (+6) ; method=Pan sear (+6) ; budget=Value-focused (+6) ; smokeLevel=Heavy (+6) ; cuisineStyle=American grill (+6) ; priority=Best value (+4) ; smokeLevel=Medium (+4) ; occasionType=Game day / BBQ (+4) ; cuisineStyle=Italian / comfort dishes (+4) ; budget=Moderate (+3) ; specialtyComfort=Minimal (+3),Direct grill or cast-iron sear,Medium-rare to medium,133-142F final internal temperature,Best when cooked via High-heat grill | Pan sear. Fits Familiar basics familiarity. Aligns with Lowest-cost options first budget. Strong in American grill cuisine use.
baseball_cut,Baseball Sirloin,Sirloin,Mid-Premium,5,7,7,6,7,6,Skilled,Familiar-Plus,Basic setup,Sous vide / precision (+5) | Pan sear (+3) | High-heat grill (+2) || Temp-driven reverse sear (+5) | Two-zone heat control (+3),Mid-premium (+5) | Moderate (+4) | Premium / no strict limit (+2),Expert cut fluency (+2) | Comfortable with common cuts (+1) || Minimal (+1) || Learn progressively (+3) | Top 3 + swaps (+2),American grill (+8) | Steakhouse (+4) | Italian / comfort dishes (+2),Date night (+1),Rich sides (+3) | Sauce-heavy sides (+2) | Minimal sides (+1),Quality showcase (+2) | Simple prep (+1),cuisineStyle=American grill (+6) ; method=Sous vide / precision (+5) ; budget=Mid-premium (+5) ; advancedTechnique=Temp-driven reverse sear (+5) ; cookWindow=45+ minute project (+5) ; budget=Moderate (+4) ; buyPrecision=Exact spec (+4) ; priority=Best consistency (+4) ; method=Pan sear (+3) ; advancedTechnique=Two-zone heat control (+3) ; buyPrecision=Exact cut flexible thickness (+3) ; guidanceLevel=Learn progressively (+3),Sear then finish to target center,Medium-rare,130-137F final internal temperature,Best when cooked via Sous vide / precision | Pan sear. Fits Expert cut fluency familiarity. Aligns with Mid-premium budget. Strong in American grill cuisine use.
coulotte,Picanha,Sirloin,Mid-Premium,6,6,8,7,4,6,Skilled,Specialty,Extended setup,High-heat grill (+6) | Oven roast + sear (+6) | Pan sear (+3) || Two-zone heat control (+3) | Marinade and high heat (+3),Mid-premium (+5) | Moderate (+4) | Premium / no strict limit (+2),Expert cut fluency (+5) || High (+4) | Medium (+2) || Learn progressively (+3) | Top 3 + swaps (+2),BBQ / smokehouse (+6) | American grill (+2) | Italian / comfort dishes (+2),Game day / BBQ (+4) | Hosting guests (+3) | Date night (+1),Rich sides (+3) | Light sides (+3) | Minimal sides (+3),Quality showcase (+2) | Simple prep (+1),method=High-heat grill (+6) ; method=Oven roast + sear (+6) ; smokeLevel=Heavy (+6) ; cuisineStyle=BBQ / smokehouse (+6) ; budget=Mid-premium (+5) ; comfort=Expert cut fluency (+5) ; cookWindow=10-15 minutes (+5) ; cookWindow=45+ minute project (+5) ; fatCapPreference=Love fat cap (+5) ; mealFormat=Sliced board (+5) ; budget=Moderate (+4) ; specialtyComfort=High (+4),Skewer/grill or reverse sear whole then slice,Medium-rare,130-137F final internal temperature,Best when cooked via High-heat grill | Oven roast + sear. Fits Expert cut fluency familiarity. Aligns with Mid-premium budget. Strong in BBQ / smokehouse cuisine use.
tri_tip,Tri-Tip,Sirloin,Value,5,6,8,5,5,7,Skilled,Familiar-Plus,Advanced setup,High-heat grill (+6) | Oven roast + sear (+6) | Pan sear (+3) || Two-zone heat control (+3) | Simple single-step (+3),Lowest-cost options first (+8) | Value-focused (+6) | Moderate (+3),Expert cut fluency (+2) | Comfortable with common cuts (+1) || Low (+2) | Minimal (+1) || Learn progressively (+3) | Top 3 + swaps (+2),Mexican / fajitas (+9) | American grill (+8) | BBQ / smokehouse (+6),Game day / BBQ (+4) | Weeknight dinner (+3) | Hosting guests (+3),Rich sides (+3) | Light sides (+3) | Minimal sides (+3),Simple prep (+4),budget=Lowest-cost options first (+8) ; method=High-heat grill (+6) ; method=Oven roast + sear (+6) ; budget=Value-focused (+6) ; smokeLevel=Heavy (+6) ; cuisineStyle=American grill (+6) ; cuisineStyle=Mexican / fajitas (+6) ; cuisineStyle=BBQ / smokehouse (+6) ; cookWindow=45+ minute project (+5) ; mealFormat=Sliced board (+5) ; priority=Best value (+4) ; portionStyle=Large shareable sliced cut (+4),Reverse sear or Santa Maria-style live fire,Medium-rare,130-137F final internal temperature,Best when cooked via High-heat grill | Oven roast + sear. Fits Expert cut fluency familiarity. Aligns with Lowest-cost options first budget. Strong in Mexican / fajitas cuisine use.
sirloin_flap,Bavette,Sirloin,Value,5,5,9,8,4,7,Moderate,Specialty,Basic setup,Pan sear (+3) | High-heat grill (+2) | Oven roast + sear (+2) || Two-zone heat control (+3) | Simple single-step (+3),Lowest-cost options first (+8) | Value-focused (+6) | Moderate (+3),Expert cut fluency (+5) || High (+4) | Medium (+2) || Learn progressively (+3) | Top 3 + swaps (+2),Mexican / fajitas (+9) | BBQ / smokehouse (+6) | Asian / quick-cook (+6),Game day / BBQ (+4) | Weeknight dinner (+3) | Hosting guests (+3),Rich sides (+3) | Light sides (+3) | Minimal sides (+3),Simple prep (+1),budget=Lowest-cost options first (+8) ; budget=Value-focused (+6) ; smokeLevel=Heavy (+6) ; cuisineStyle=Mexican / fajitas (+6) ; cuisineStyle=BBQ / smokehouse (+6) ; comfort=Expert cut fluency (+5) ; cookWindow=10-15 minutes (+5) ; mealFormat=Sliced board (+5) ; cuisineStyle=Asian / quick-cook (+5) ; specialtyComfort=High (+4) ; priority=Best value (+4) ; portionStyle=Large shareable sliced cut (+4),"Very hot, fast sear with immediate slicing",Rare to medium-rare,124-132F final internal temperature,Best when cooked via Pan sear | High-heat grill. Fits Expert cut fluency familiarity. Aligns with Lowest-cost options first budget. Strong in Mexican / fajitas cuisine use.
ball_tip,Ball Tip Steak,Sirloin,Value,4,5,7,6,5,8,Skilled,Familiar-Plus,Standard setup,High-heat grill (+6) | Low-and-slow (+6) | Pan sear (+3) || Two-zone heat control (+3) | Marinade and high heat (+3),Lowest-cost options first (+8) | Value-focused (+6) | Moderate (+3),Expert cut fluency (+2) | Comfortable with common cuts (+1) || High (+4) | Medium (+2) || Learn progressively (+3) | Top 3 + swaps (+2),American grill (+8) | Mexican / fajitas (+4) | Italian / comfort dishes (+2),Weeknight dinner (+3),Rich sides (+3) | Sauce-heavy sides (+2) | Minimal sides (+1),Simple prep (+2),budget=Lowest-cost options first (+8) ; method=High-heat grill (+6) ; method=Low-and-slow (+6) ; budget=Value-focused (+6) ; smokeLevel=Heavy (+6) ; cuisineStyle=American grill (+6) ; cookWindow=10-15 minutes (+5) ; specialtyComfort=High (+4) ; priority=Best value (+4) ; smokeLevel=Medium (+4) ; method=Pan sear (+3) ; budget=Moderate (+3),Quick sear or marinated grill,Medium-rare to medium,132-140F final internal temperature,Best when cooked via High-heat grill | Low-and-slow. Fits Expert cut fluency familiarity. Aligns with Lowest-cost options first budget. Strong in American grill cuisine use.
flat_iron,Flat Iron,Chuck,Value,6,8,8,6,5,7,Moderate,Familiar-Plus,Basic setup,Pan sear (+3) | High-heat grill (+2) | Oven roast + sear (+2) || Two-zone heat control (+3) | Simple single-step (+3),Lowest-cost options first (+8) | Value-focused (+6) | Moderate (+3),Expert cut fluency (+2) | Comfortable with common cuts (+1) || Minimal (+1) || Learn progressively (+3) | Top 3 + swaps (+2),Mexican / fajitas (+9) | American grill (+8) | Asian / quick-cook (+6),Weeknight dinner (+3) | Hosting guests (+3) | Date night (+1),Rich sides (+3) | Light sides (+3) | Minimal sides (+3),Quality showcase (+5) | Simple prep (+2),budget=Lowest-cost options first (+8) ; budget=Value-focused (+6) ; cuisineStyle=American grill (+6) ; cuisineStyle=Mexican / fajitas (+6) ; seasoningIntent=Quality showcase (+5) ; cuisineStyle=Asian / quick-cook (+5) ; priority=Best value (+4) ; method=Pan sear (+3) ; budget=Moderate (+3) ; advancedTechnique=Two-zone heat control (+3) ; advancedTechnique=Simple single-step (+3) ; guidanceLevel=Learn progressively (+3),Fast high-heat sear,Medium-rare,128-135F final internal temperature,Best when cooked via Pan sear | High-heat grill. Fits Expert cut fluency familiarity. Aligns with Lowest-cost options first budget. Strong in Mexican / fajitas cuisine use.
denver,Denver Steak,Chuck,Value,6,7,8,7,5,7,Moderate,Specialty,Standard setup,High-heat grill (+6) | Pan sear (+6) | Sous vide / precision (+2) || Two-zone heat control (+3) | Simple single-step (+3),Lowest-cost options first (+8) | Value-focused (+6) | Moderate (+3),Expert cut fluency (+5) || High (+4) | Medium (+2) || Learn progressively (+3) | Top 3 + swaps (+2),American grill (+8) | BBQ / smokehouse (+6) | Steakhouse (+4),Weeknight dinner (+3) | Hosting guests (+3) | Date night (+1),Rich sides (+3) | Light sides (+3) | Minimal sides (+3),Simple prep (+1),budget=Lowest-cost options first (+8) ; method=High-heat grill (+6) ; method=Pan sear (+6) ; budget=Value-focused (+6) ; smokeLevel=Heavy (+6) ; cuisineStyle=American grill (+6) ; cuisineStyle=BBQ / smokehouse (+6) ; comfort=Expert cut fluency (+5) ; specialtyComfort=High (+4) ; priority=Best value (+4) ; smokeLevel=Medium (+4) ; budget=Moderate (+3),Cast-iron or grill over moderate-high heat,Medium-rare,128-136F final internal temperature,Best when cooked via High-heat grill | Pan sear. Fits Expert cut fluency familiarity. Aligns with Lowest-cost options first budget. Strong in American grill cuisine use.
chuck_eye,Chuck Eye Steak,Chuck,Mid-Premium,7,6,8,6,4,6,Easy,Familiar-Plus,Basic setup,Pan sear (+3) | High-heat grill (+2) | Oven roast + sear (+2) || Two-zone heat control (+3) | Simple single-step (+3),Mid-premium (+5) | Moderate (+4) | Premium / no strict limit (+2),Expert cut fluency (+2) | Comfortable with common cuts (+1) || Minimal (+1) || Learn progressively (+3) | Top 3 + swaps (+2),BBQ / smokehouse (+6) | American grill (+2) | Italian / comfort dishes (+2),Game day / BBQ (+4) | Hosting guests (+3) | Date night (+1),Light sides (+3) | Minimal sides (+3) | Sauce-heavy sides (+2),Quality showcase (+2) | Simple prep (+1),smokeLevel=Heavy (+6) ; cuisineStyle=BBQ / smokehouse (+6) ; budget=Mid-premium (+5) ; cookWindow=10-15 minutes (+5) ; budget=Moderate (+4) ; smokeLevel=Medium (+4) ; occasionType=Game day / BBQ (+4) ; method=Pan sear (+3) ; advancedTechnique=Two-zone heat control (+3) ; advancedTechnique=Simple single-step (+3) ; guidanceLevel=Learn progressively (+3) ; pairingStyle=Light sides (+3),High-heat sear with short carryover,Medium-rare,128-135F final internal temperature,Best when cooked via Pan sear | High-heat grill. Fits Expert cut fluency familiarity. Aligns with Mid-premium budget. Strong in BBQ / smokehouse cuisine use.
hanger,Hanger Steak,Loin,Value,5,5,9,8,4,7,Moderate,Specialty,Basic setup,Pan sear (+3) | High-heat grill (+2) | Oven roast + sear (+2) || Two-zone heat control (+3) | Simple single-step (+3),Lowest-cost options first (+8) | Value-focused (+6) | Moderate (+3),Expert cut fluency (+5) || High (+4) | Medium (+2) || Learn progressively (+3) | Top 3 + swaps (+2),American grill (+4) | Mexican / fajitas (+4) | Asian / quick-cook (+2),Weeknight dinner (+3) | Hosting guests (+3) | Date night (+1),Rich sides (+3) | Light sides (+3) | Minimal sides (+3),Simple prep (+1),budget=Lowest-cost options first (+8) ; budget=Value-focused (+6) ; comfort=Expert cut fluency (+5) ; cookWindow=10-15 minutes (+5) ; specialtyComfort=High (+4) ; priority=Best value (+4) ; mealFormat=Plated steak (+4) ; method=Pan sear (+3) ; budget=Moderate (+3) ; advancedTechnique=Two-zone heat control (+3) ; advancedTechnique=Simple single-step (+3) ; guidanceLevel=Learn progressively (+3),"Very hot, short-duration sear",Rare to medium-rare,124-132F final internal temperature,Best when cooked via Pan sear | High-heat grill. Fits Expert cut fluency familiarity. Aligns with Lowest-cost options first budget. Strong in American grill cuisine use.
flank,Flank Steak,Flank,Value,3,4,8,6,6,8,Moderate,Familiar-Plus,Standard setup,High-heat grill (+6) | Sous vide / precision (+2) || Two-zone heat control (+3) | Temp-driven reverse sear (+2),Lowest-cost options first (+8) | Value-focused (+6) | Moderate (+3),Expert cut fluency (+2) | Comfortable with common cuts (+1) || High (+4) | Medium (+2) || Learn progressively (+3) | Top 3 + swaps (+2),Mexican / fajitas (+9) | BBQ / smokehouse (+6) | Asian / quick-cook (+6),Game day / BBQ (+4) | Weeknight dinner (+3) | Hosting guests (+3),Rich sides (+3) | Light sides (+3) | Minimal sides (+3),Simple prep (+2),budget=Lowest-cost options first (+8) ; method=High-heat grill (+6) ; budget=Value-focused (+6) ; smokeLevel=Heavy (+6) ; cuisineStyle=Mexican / fajitas (+6) ; cuisineStyle=BBQ / smokehouse (+6) ; mealFormat=Sliced board (+5) ; cuisineStyle=Asian / quick-cook (+5) ; specialtyComfort=High (+4) ; priority=Best value (+4) ; smokeLevel=Medium (+4) ; occasionType=Game day / BBQ (+4),High-heat grill or broiler,Rare to medium-rare,124-132F final internal temperature,Best when cooked via High-heat grill | Sous vide / precision. Fits Expert cut fluency familiarity. Aligns with Lowest-cost options first budget. Strong in Mexican / fajitas cuisine use.
outside_skirt,Outside Skirt Steak,Plate,Mid-Premium,6,5,9,8,3,6,Moderate,Specialty,Basic setup,Pan sear (+3) | High-heat grill (+2) | Oven roast + sear (+2) || Two-zone heat control (+3) | Simple single-step (+3),Mid-premium (+5) | Moderate (+4) | Premium / no strict limit (+2),Expert cut fluency (+5) || High (+4) | Medium (+2) || Learn progressively (+3) | Top 3 + swaps (+2),Mexican / fajitas (+9) | American grill (+8) | BBQ / smokehouse (+6),Game day / BBQ (+4) | Hosting guests (+3) | Date night (+1),Rich sides (+3) | Light sides (+3) | Minimal sides (+3),Quality showcase (+2) | Simple prep (+1),smokeLevel=Heavy (+6) ; cuisineStyle=American grill (+6) ; cuisineStyle=Mexican / fajitas (+6) ; cuisineStyle=BBQ / smokehouse (+6) ; budget=Mid-premium (+5) ; comfort=Expert cut fluency (+5) ; cookWindow=10-15 minutes (+5) ; cuisineStyle=Asian / quick-cook (+5) ; budget=Moderate (+4) ; specialtyComfort=High (+4) ; smokeLevel=Medium (+4) ; occasionType=Game day / BBQ (+4),Hard sear over high radiant heat,Rare to medium-rare,123-132F final internal temperature,Best when cooked via Pan sear | High-heat grill. Fits Expert cut fluency familiarity. Aligns with Mid-premium budget. Strong in Mexican / fajitas cuisine use.
plate_short_rib_boneless,Boneless Short Rib,Rib,Mid-Premium,8,6,9,7,4,6,Moderate,Specialty,Standard setup,High-heat grill (+6) | Low-and-slow (+6) || Two-zone heat control (+3) | Simple single-step (+3),Mid-premium (+5) | Moderate (+4) | Premium / no strict limit (+2),Expert cut fluency (+5) || High (+4) | Medium (+2) || Learn progressively (+3) | Top 3 + swaps (+2),Italian / comfort dishes (+6) | BBQ / smokehouse (+6) | American grill (+2),Game day / BBQ (+4) | Hosting guests (+3) | Date night (+1),Light sides (+3) | Minimal sides (+3) | Sauce-heavy sides (+2),Quality showcase (+2) | Simple prep (+1),method=High-heat grill (+6) ; method=Low-and-slow (+6) ; smokeLevel=Heavy (+6) ; cuisineStyle=BBQ / smokehouse (+6) ; budget=Mid-premium (+5) ; comfort=Expert cut fluency (+5) ; cookWindow=10-15 minutes (+5) ; cookWindow=45+ minute project (+5) ; fatCapPreference=Love fat cap (+5) ; mealFormat=Sliced board (+5) ; budget=Moderate (+4) ; specialtyComfort=High (+4),Slow braise or controlled high-heat grill,Varies by method,Braise to probe-tender or grill to 130-137F,Best when cooked via High-heat grill | Low-and-slow. Fits Expert cut fluency familiarity. Aligns with Mid-premium budget. Strong in Italian / comfort dishes cuisine use.
all_beef_uncured_hot_dog,All-Beef Uncured Angus Hot Dog,Specialty,Value,5,7,6,1,1,10,Easy,Familiar,Basic setup,High-heat grill (+6) || Two-zone heat control (+3) | Simple single-step (+3),Lowest-cost options first (+8) | Value-focused (+6) | Moderate (+3),Familiar basics (+2) | Need guidance / recipes (+2) || Minimal (+3) | Low (+2) || Single cut + simple steps (+3) | Familiar only (+3),American grill (+8) | Steakhouse (+4) | Mexican / fajitas (+4),Game day / BBQ (+4) | Weeknight dinner (+3),Rich sides (+3) | Sauce-heavy sides (+2) | Minimal sides (+1),Simple prep (+4),portionStyle=Handheld cookout style (+9) ; budget=Lowest-cost options first (+8) ; method=High-heat grill (+6) ; budget=Value-focused (+6) ; smokeLevel=Heavy (+6) ; cuisineStyle=American grill (+6) ; cookWindow=10-15 minutes (+5) ; priority=Best value (+4) ; smokeLevel=Medium (+4) ; seasoningIntent=Simple prep (+4) ; occasionType=Game day / BBQ (+4) ; budget=Moderate (+3),"Direct grill or griddle, quick-turn cook",Heat through with light casing blister,150-160F internal temperature,Best when cooked via High-heat grill. Fits Familiar basics familiarity. Aligns with Lowest-cost options first budget. Strong in American grill cuisine use.