group,question_id,variant,type,prompt,option_order,option_label,option_impact,richness,tenderness,boldness,adventure,value,precision,delta_net,delta_abs_total,tradeoff_flags,signal_keys,signal_json
flavor,flavor_a,A,Flavor,How strong do you want the beef flavor?,1,"Mild, clean beef flavor",Mild,-1,1,-2,0,0,1,-1,5,none,flavorTarget,"{""flavorTarget"":""Clean / mild""}"
flavor,flavor_a,A,Flavor,How strong do you want the beef flavor?,2,Balanced beef flavor,Balanced,0,1,1,0,0,0,2,2,none,flavorTarget,"{""flavorTarget"":""Balanced""}"
flavor,flavor_a,A,Flavor,How strong do you want the beef flavor?,3,Bold steakhouse flavor,Bold,1,0,2,0,0,0,3,3,none,flavorTarget,"{""flavorTarget"":""Bold / savory""}"
flavor,flavor_a,A,Flavor,How strong do you want the beef flavor?,4,Very bold char-forward flavor,Intense,0,0,3,1,0,-1,3,5,adventure_vs_precision,flavorTarget,"{""flavorTarget"":""Intense / char-forward""}"
flavor,flavor_b,B,Flavor,How strong do you want the beef flavor?,1,"Mild, clean beef flavor",Mild,-1,1,-2,0,0,1,-1,5,none,flavorTarget,"{""flavorTarget"":""Clean / mild""}"
flavor,flavor_b,B,Flavor,How strong do you want the beef flavor?,2,Balanced beef flavor,Balanced,0,1,1,0,0,0,2,2,none,flavorTarget,"{""flavorTarget"":""Balanced""}"
flavor,flavor_b,B,Flavor,How strong do you want the beef flavor?,3,Bold steakhouse flavor,Bold,1,0,2,0,0,0,3,3,none,flavorTarget,"{""flavorTarget"":""Bold / savory""}"
flavor,flavor_b,B,Flavor,How strong do you want the beef flavor?,4,Very bold char-forward flavor,Intense,0,0,3,1,0,-1,3,5,adventure_vs_precision,flavorTarget,"{""flavorTarget"":""Intense / char-forward""}"
flavor,flavor_c,C,Flavor Preference,How strong should the beef flavor be?,1,"Mild, clean beef flavor",Mild,-1,1,-2,0,0,1,-1,5,none,flavorTarget,"{""flavorTarget"":""Clean / mild""}"
flavor,flavor_c,C,Flavor Preference,How strong should the beef flavor be?,2,Balanced beef flavor,Balanced,0,1,1,0,0,0,2,2,none,flavorTarget,"{""flavorTarget"":""Balanced""}"
flavor,flavor_c,C,Flavor Preference,How strong should the beef flavor be?,3,Bold steakhouse flavor,Bold,1,0,2,0,0,0,3,3,none,flavorTarget,"{""flavorTarget"":""Bold / savory""}"
flavor,flavor_c,C,Flavor Preference,How strong should the beef flavor be?,4,Very bold char-forward flavor,Intense,0,0,3,1,0,-1,3,5,adventure_vs_precision,flavorTarget,"{""flavorTarget"":""Intense / char-forward""}"
richness,richness_a,A,Marbling,How much marbling do you want?,1,Lean (lower marbling),Lean,-2,0,0,0,1,1,0,4,value_vs_richness,richnessTarget,"{""richnessTarget"":""Lean""}"
richness,richness_a,A,Marbling,How much marbling do you want?,2,Moderate marbling,Balanced,1,1,0,0,0,0,2,2,none,richnessTarget,"{""richnessTarget"":""Moderate""}"
richness,richness_a,A,Marbling,How much marbling do you want?,3,Rich marbling,Rich,2,0,1,0,-1,0,2,4,richness_vs_value,richnessTarget,"{""richnessTarget"":""Rich""}"
richness,richness_a,A,Marbling,How much marbling do you want?,4,Very rich marbling,Very rich,3,0,1,0,-2,0,2,6,richness_vs_value,richnessTarget,"{""richnessTarget"":""Very rich""}"
richness,richness_b,B,Marbling,How much marbling do you want?,1,Lean (lower marbling),Lean,-2,0,0,0,1,1,0,4,value_vs_richness,richnessTarget,"{""richnessTarget"":""Lean""}"
richness,richness_b,B,Marbling,How much marbling do you want?,2,Moderate marbling,Balanced,1,1,0,0,0,0,2,2,none,richnessTarget,"{""richnessTarget"":""Moderate""}"
richness,richness_b,B,Marbling,How much marbling do you want?,3,Rich marbling,Rich,2,0,1,0,-1,0,2,4,richness_vs_value,richnessTarget,"{""richnessTarget"":""Rich""}"
richness,richness_b,B,Marbling,How much marbling do you want?,4,Very rich marbling,Very rich,3,0,1,0,-2,0,2,6,richness_vs_value,richnessTarget,"{""richnessTarget"":""Very rich""}"
richness,richness_c,C,Marbling Level,How much marbling do you want?,1,Lean (lower marbling),Lean,-2,0,0,0,1,1,0,4,value_vs_richness,richnessTarget,"{""richnessTarget"":""Lean""}"
richness,richness_c,C,Marbling Level,How much marbling do you want?,2,Moderate marbling,Balanced,1,1,0,0,0,0,2,2,none,richnessTarget,"{""richnessTarget"":""Moderate""}"
richness,richness_c,C,Marbling Level,How much marbling do you want?,3,Rich marbling,Rich,2,0,1,0,-1,0,2,4,richness_vs_value,richnessTarget,"{""richnessTarget"":""Rich""}"
richness,richness_c,C,Marbling Level,How much marbling do you want?,4,Very rich marbling,Very rich,3,0,1,0,-2,0,2,6,richness_vs_value,richnessTarget,"{""richnessTarget"":""Very rich""}"
texture,texture_a,A,Texture,What texture do you like?,1,Very tender,Tender,0,3,-1,0,0,1,3,5,none,textureTarget,"{""textureTarget"":""Very tender""}"
texture,texture_a,A,Texture,What texture do you like?,2,Tender + bite,Balanced,0,1,1,0,0,0,2,2,none,textureTarget,"{""textureTarget"":""Balanced tenderness""}"
texture,texture_a,A,Texture,What texture do you like?,3,Meaty chew,Firmer,0,-1,2,1,0,0,2,4,boldness_vs_tenderness,textureTarget,"{""textureTarget"":""Firmer chew""}"
texture,texture_a,A,Texture,What texture do you like?,4,Thin-sliced,Slice-thin,0,-1,0,1,1,1,2,4,value_vs_tenderness,textureTarget,"{""textureTarget"":""Thin-sliced""}"
texture,texture_b,B,Texture,What texture do you like?,1,Very tender,Tender,0,3,-1,0,0,1,3,5,none,textureTarget,"{""textureTarget"":""Very tender""}"
texture,texture_b,B,Texture,What texture do you like?,2,Tender + bite,Balanced,0,1,1,0,0,0,2,2,none,textureTarget,"{""textureTarget"":""Balanced tenderness""}"
texture,texture_b,B,Texture,What texture do you like?,3,Meaty chew,Firmer,0,-1,2,1,0,0,2,4,boldness_vs_tenderness,textureTarget,"{""textureTarget"":""Firmer chew""}"
texture,texture_b,B,Texture,What texture do you like?,4,Thin-sliced,Slice-thin,0,-1,0,1,1,1,2,4,value_vs_tenderness,textureTarget,"{""textureTarget"":""Thin-sliced""}"
texture,texture_c,C,Texture Preference,What bite do you want?,1,Very tender,Tender,0,3,-1,0,0,1,3,5,none,textureTarget,"{""textureTarget"":""Very tender""}"
texture,texture_c,C,Texture Preference,What bite do you want?,2,Tender + bite,Balanced,0,1,1,0,0,0,2,2,none,textureTarget,"{""textureTarget"":""Balanced tenderness""}"
texture,texture_c,C,Texture Preference,What bite do you want?,3,Meaty chew,Firmer,0,-1,2,1,0,0,2,4,boldness_vs_tenderness,textureTarget,"{""textureTarget"":""Firmer chew""}"
texture,texture_c,C,Texture Preference,What bite do you want?,4,Thin-sliced,Slice-thin,0,-1,0,1,1,1,2,4,value_vs_tenderness,textureTarget,"{""textureTarget"":""Thin-sliced""}"
method,method_a,A,Method,How will you cook it?,1,High-heat grill,Char,0,0,2,1,0,-1,2,4,adventure_vs_precision,method,"{""method"":""High-heat grill""}"
method,method_a,A,Method,How will you cook it?,2,Pan sear,Controlled,0,1,0,0,0,2,3,3,none,method,"{""method"":""Pan sear""}"
method,method_a,A,Method,How will you cook it?,3,Oven + sear,Two-stage,1,1,0,0,0,1,3,3,none,method,"{""method"":""Oven roast + sear""}"
method,method_a,A,Method,How will you cook it?,4,Low and slow,Deep flavor,0,-1,1,1,1,0,2,4,value_vs_tenderness|boldness_vs_tenderness,method,"{""method"":""Low-and-slow""}"
method,method_a,A,Method,How will you cook it?,5,Sous vide,Precise,0,1,0,0,0,3,4,4,none,method,"{""method"":""Sous vide / precision""}"
method,method_b,B,Method,How will you cook it?,1,High-heat grill,Char,0,0,2,1,0,-1,2,4,adventure_vs_precision,method,"{""method"":""High-heat grill""}"
method,method_b,B,Method,How will you cook it?,2,Pan sear,Controlled,0,1,0,0,0,2,3,3,none,method,"{""method"":""Pan sear""}"
method,method_b,B,Method,How will you cook it?,3,Oven + sear,Two-stage,1,1,0,0,0,1,3,3,none,method,"{""method"":""Oven roast + sear""}"
method,method_b,B,Method,How will you cook it?,4,Low and slow,Deep flavor,0,-1,1,1,1,0,2,4,value_vs_tenderness|boldness_vs_tenderness,method,"{""method"":""Low-and-slow""}"
method,method_b,B,Method,How will you cook it?,5,Sous vide,Precise,0,1,0,0,0,3,4,4,none,method,"{""method"":""Sous vide / precision""}"
method,method_c,C,Heat Plan,How will you cook it?,1,High-heat grill,Char,0,0,2,1,0,-1,2,4,adventure_vs_precision,method,"{""method"":""High-heat grill""}"
method,method_c,C,Heat Plan,How will you cook it?,2,Pan sear,Controlled,0,1,0,0,0,2,3,3,none,method,"{""method"":""Pan sear""}"
method,method_c,C,Heat Plan,How will you cook it?,3,Oven + sear,Two-stage,1,1,0,0,0,1,3,3,none,method,"{""method"":""Oven roast + sear""}"
method,method_c,C,Heat Plan,How will you cook it?,4,Low and slow,Deep flavor,0,-1,1,1,1,0,2,4,value_vs_tenderness|boldness_vs_tenderness,method,"{""method"":""Low-and-slow""}"
method,method_c,C,Heat Plan,How will you cook it?,5,Sous vide,Precise,0,1,0,0,0,3,4,4,none,method,"{""method"":""Sous vide / precision""}"
comfort,comfort_a,A,Cut Familiarity,How comfortable are you choosing beef cuts?,1,I can buy and cook specialty cuts,Expert,0,0,1,3,0,2,6,6,none,comfort|expertiseBand,"{""comfort"":""Expert cut fluency"",""expertiseBand"":""Expert""}"
comfort,comfort_a,A,Cut Familiarity,How comfortable are you choosing beef cuts?,2,I know the main steak cuts well,Comfortable,0,0,0,1,0,1,2,2,none,comfort|expertiseBand,"{""comfort"":""Comfortable with common cuts"",""expertiseBand"":""Intermediate""}"
comfort,comfort_a,A,Cut Familiarity,How comfortable are you choosing beef cuts?,3,I know a few common cuts,Basic,0,0,0,-1,0,1,0,2,none,comfort|expertiseBand,"{""comfort"":""Familiar basics"",""expertiseBand"":""Beginner""}"
comfort,comfort_a,A,Cut Familiarity,How comfortable are you choosing beef cuts?,4,"I want straightforward, familiar cuts",Guided,0,0,0,-1,1,-1,-1,3,none,comfort|expertiseBand,"{""comfort"":""Need guidance / recipes"",""expertiseBand"":""Beginner""}"
comfort,comfort_b,B,Cut Familiarity,How comfortable are you choosing beef cuts?,1,I can buy and cook specialty cuts,Expert,0,0,1,3,0,2,6,6,none,comfort|expertiseBand,"{""comfort"":""Expert cut fluency"",""expertiseBand"":""Expert""}"
comfort,comfort_b,B,Cut Familiarity,How comfortable are you choosing beef cuts?,2,I know the main steak cuts well,Comfortable,0,0,0,1,0,1,2,2,none,comfort|expertiseBand,"{""comfort"":""Comfortable with common cuts"",""expertiseBand"":""Intermediate""}"
comfort,comfort_b,B,Cut Familiarity,How comfortable are you choosing beef cuts?,3,I know a few common cuts,Basic,0,0,0,-1,0,1,0,2,none,comfort|expertiseBand,"{""comfort"":""Familiar basics"",""expertiseBand"":""Beginner""}"
comfort,comfort_b,B,Cut Familiarity,How comfortable are you choosing beef cuts?,4,"I want straightforward, familiar cuts",Guided,0,0,0,-1,1,-1,-1,3,none,comfort|expertiseBand,"{""comfort"":""Need guidance / recipes"",""expertiseBand"":""Beginner""}"
comfort,comfort_c,C,Cut Knowledge,How comfortable are you choosing beef cuts?,1,I can buy and cook specialty cuts,Expert,0,0,1,3,0,2,6,6,none,comfort|expertiseBand,"{""comfort"":""Expert cut fluency"",""expertiseBand"":""Expert""}"
comfort,comfort_c,C,Cut Knowledge,How comfortable are you choosing beef cuts?,2,I know the main steak cuts well,Comfortable,0,0,0,1,0,1,2,2,none,comfort|expertiseBand,"{""comfort"":""Comfortable with common cuts"",""expertiseBand"":""Intermediate""}"
comfort,comfort_c,C,Cut Knowledge,How comfortable are you choosing beef cuts?,3,I know a few common cuts,Basic,0,0,0,-1,0,1,0,2,none,comfort|expertiseBand,"{""comfort"":""Familiar basics"",""expertiseBand"":""Beginner""}"
comfort,comfort_c,C,Cut Knowledge,How comfortable are you choosing beef cuts?,4,"I want straightforward, familiar cuts",Guided,0,0,0,-1,1,-1,-1,3,none,comfort|expertiseBand,"{""comfort"":""Need guidance / recipes"",""expertiseBand"":""Beginner""}"
cuisine,cuisine_a,A,Cuisine,What style are you cooking today?,1,Steakhouse,Steakhouse,1,2,0,0,-1,1,3,5,richness_vs_value|tenderness_vs_value|precision_vs_value,cuisineStyle,"{""cuisineStyle"":""Steakhouse""}"
cuisine,cuisine_a,A,Cuisine,What style are you cooking today?,2,American grill / cookout,Grill,0,0,1,0,2,-1,2,4,none,cuisineStyle,"{""cuisineStyle"":""American grill""}"
cuisine,cuisine_a,A,Cuisine,What style are you cooking today?,3,Mexican / fajitas,Mexican,0,0,2,1,1,0,4,4,none,cuisineStyle,"{""cuisineStyle"":""Mexican / fajitas""}"
cuisine,cuisine_a,A,Cuisine,What style are you cooking today?,4,Italian / comfort dishes,Italian,0,1,-1,0,1,0,1,3,none,cuisineStyle,"{""cuisineStyle"":""Italian / comfort dishes""}"
cuisine,cuisine_a,A,Cuisine,What style are you cooking today?,5,BBQ / smokehouse,BBQ,1,0,2,1,0,0,4,4,none,cuisineStyle,"{""cuisineStyle"":""BBQ / smokehouse""}"
cuisine,cuisine_a,A,Cuisine,What style are you cooking today?,6,Asian / quick-cook,Quick-cook,0,0,0,1,1,1,3,3,none,cuisineStyle,"{""cuisineStyle"":""Asian / quick-cook""}"
cuisine,cuisine_a,A,Cuisine,What style are you cooking today?,7,No specific cuisine,Open,0,0,0,0,0,0,0,0,none,cuisineStyle,"{""cuisineStyle"":""No specific cuisine""}"
cuisine,cuisine_b,B,Cuisine,What style are you cooking today?,1,Steakhouse,Steakhouse,1,2,0,0,-1,1,3,5,richness_vs_value|tenderness_vs_value|precision_vs_value,cuisineStyle,"{""cuisineStyle"":""Steakhouse""}"
cuisine,cuisine_b,B,Cuisine,What style are you cooking today?,2,American grill / cookout,Grill,0,0,1,0,2,-1,2,4,none,cuisineStyle,"{""cuisineStyle"":""American grill""}"
cuisine,cuisine_b,B,Cuisine,What style are you cooking today?,3,Mexican / fajitas,Mexican,0,0,2,1,1,0,4,4,none,cuisineStyle,"{""cuisineStyle"":""Mexican / fajitas""}"
cuisine,cuisine_b,B,Cuisine,What style are you cooking today?,4,Italian / comfort dishes,Italian,0,1,-1,0,1,0,1,3,none,cuisineStyle,"{""cuisineStyle"":""Italian / comfort dishes""}"
cuisine,cuisine_b,B,Cuisine,What style are you cooking today?,5,BBQ / smokehouse,BBQ,1,0,2,1,0,0,4,4,none,cuisineStyle,"{""cuisineStyle"":""BBQ / smokehouse""}"
cuisine,cuisine_b,B,Cuisine,What style are you cooking today?,6,Asian / quick-cook,Quick-cook,0,0,0,1,1,1,3,3,none,cuisineStyle,"{""cuisineStyle"":""Asian / quick-cook""}"
cuisine,cuisine_b,B,Cuisine,What style are you cooking today?,7,No specific cuisine,Open,0,0,0,0,0,0,0,0,none,cuisineStyle,"{""cuisineStyle"":""No specific cuisine""}"
cuisine,cuisine_c,C,Cuisine Style,Which cooking style best fits this meal?,1,Steakhouse,Steakhouse,1,2,0,0,-1,1,3,5,richness_vs_value|tenderness_vs_value|precision_vs_value,cuisineStyle,"{""cuisineStyle"":""Steakhouse""}"
cuisine,cuisine_c,C,Cuisine Style,Which cooking style best fits this meal?,2,American grill / cookout,Grill,0,0,1,0,2,-1,2,4,none,cuisineStyle,"{""cuisineStyle"":""American grill""}"
cuisine,cuisine_c,C,Cuisine Style,Which cooking style best fits this meal?,3,Mexican / fajitas,Mexican,0,0,2,1,1,0,4,4,none,cuisineStyle,"{""cuisineStyle"":""Mexican / fajitas""}"
cuisine,cuisine_c,C,Cuisine Style,Which cooking style best fits this meal?,4,Italian / comfort dishes,Italian,0,1,-1,0,1,0,1,3,none,cuisineStyle,"{""cuisineStyle"":""Italian / comfort dishes""}"
cuisine,cuisine_c,C,Cuisine Style,Which cooking style best fits this meal?,5,BBQ / smokehouse,BBQ,1,0,2,1,0,0,4,4,none,cuisineStyle,"{""cuisineStyle"":""BBQ / smokehouse""}"
cuisine,cuisine_c,C,Cuisine Style,Which cooking style best fits this meal?,6,Asian / quick-cook,Quick-cook,0,0,0,1,1,1,3,3,none,cuisineStyle,"{""cuisineStyle"":""Asian / quick-cook""}"
cuisine,cuisine_c,C,Cuisine Style,Which cooking style best fits this meal?,7,No specific cuisine,Open,0,0,0,0,0,0,0,0,none,cuisineStyle,"{""cuisineStyle"":""No specific cuisine""}"
specialty_cuts,specialty_cuts_a,A,Specialty Cuts,How familiar are you with lesser-known cuts?,1,Very familiar,High familiarity,0,0,1,2,0,1,4,4,none,specialtyComfort,"{""specialtyComfort"":""High""}"
specialty_cuts,specialty_cuts_a,A,Specialty Cuts,How familiar are you with lesser-known cuts?,2,Somewhat familiar,Working knowledge,0,0,0,1,0,1,2,2,none,specialtyComfort,"{""specialtyComfort"":""Medium""}"
specialty_cuts,specialty_cuts_a,A,Specialty Cuts,How familiar are you with lesser-known cuts?,3,Mostly classic cuts,Classic-first,0,0,0,-1,0,1,0,2,none,specialtyComfort,"{""specialtyComfort"":""Low""}"
specialty_cuts,specialty_cuts_a,A,Specialty Cuts,How familiar are you with lesser-known cuts?,4,Not familiar,Guided,0,0,0,-2,1,-1,-2,4,none,specialtyComfort,"{""specialtyComfort"":""Minimal""}"
specialty_cuts,specialty_cuts_b,B,Specialty Cuts,How familiar are you with lesser-known cuts?,1,Very familiar,High familiarity,0,0,1,2,0,1,4,4,none,specialtyComfort,"{""specialtyComfort"":""High""}"
specialty_cuts,specialty_cuts_b,B,Specialty Cuts,How familiar are you with lesser-known cuts?,2,Somewhat familiar,Working knowledge,0,0,0,1,0,1,2,2,none,specialtyComfort,"{""specialtyComfort"":""Medium""}"
specialty_cuts,specialty_cuts_b,B,Specialty Cuts,How familiar are you with lesser-known cuts?,3,Mostly classic cuts,Classic-first,0,0,0,-1,0,1,0,2,none,specialtyComfort,"{""specialtyComfort"":""Low""}"
specialty_cuts,specialty_cuts_b,B,Specialty Cuts,How familiar are you with lesser-known cuts?,4,Not familiar,Guided,0,0,0,-2,1,-1,-2,4,none,specialtyComfort,"{""specialtyComfort"":""Minimal""}"
specialty_cuts,specialty_cuts_c,C,Specialty,How familiar are you with lesser-known cuts?,1,Very familiar,High familiarity,0,0,1,2,0,1,4,4,none,specialtyComfort,"{""specialtyComfort"":""High""}"
specialty_cuts,specialty_cuts_c,C,Specialty,How familiar are you with lesser-known cuts?,2,Somewhat familiar,Working knowledge,0,0,0,1,0,1,2,2,none,specialtyComfort,"{""specialtyComfort"":""Medium""}"
specialty_cuts,specialty_cuts_c,C,Specialty,How familiar are you with lesser-known cuts?,3,Mostly classic cuts,Classic-first,0,0,0,-1,0,1,0,2,none,specialtyComfort,"{""specialtyComfort"":""Low""}"
specialty_cuts,specialty_cuts_c,C,Specialty,How familiar are you with lesser-known cuts?,4,Not familiar,Guided,0,0,0,-2,1,-1,-2,4,none,specialtyComfort,"{""specialtyComfort"":""Minimal""}"
advanced_technique,advanced_technique_a,A,Technique Depth,Which cooking style fits you best?,1,Temp-driven reverse sear,Advanced control,0,1,0,1,0,2,4,4,none,advancedTechnique,"{""advancedTechnique"":""Temp-driven reverse sear""}"
advanced_technique,advanced_technique_a,A,Technique Depth,Which cooking style fits you best?,2,Two-zone grill control,Controlled fire,0,0,1,0,0,1,2,2,none,advancedTechnique,"{""advancedTechnique"":""Two-zone heat control""}"
advanced_technique,advanced_technique_a,A,Technique Depth,Which cooking style fits you best?,3,Marinade + hot sear,Flavor-first,0,0,1,1,1,0,3,3,none,advancedTechnique,"{""advancedTechnique"":""Marinade and high heat""}"
advanced_technique,advanced_technique_a,A,Technique Depth,Which cooking style fits you best?,4,Simple one-step cook,Simple,0,1,0,-1,0,-1,-1,3,none,advancedTechnique,"{""advancedTechnique"":""Simple single-step""}"
advanced_technique,advanced_technique_b,B,Technique Depth,Which cooking style fits you best?,1,Temp-driven reverse sear,Advanced control,0,1,0,1,0,2,4,4,none,advancedTechnique,"{""advancedTechnique"":""Temp-driven reverse sear""}"
advanced_technique,advanced_technique_b,B,Technique Depth,Which cooking style fits you best?,2,Two-zone grill control,Controlled fire,0,0,1,0,0,1,2,2,none,advancedTechnique,"{""advancedTechnique"":""Two-zone heat control""}"
advanced_technique,advanced_technique_b,B,Technique Depth,Which cooking style fits you best?,3,Marinade + hot sear,Flavor-first,0,0,1,1,1,0,3,3,none,advancedTechnique,"{""advancedTechnique"":""Marinade and high heat""}"
advanced_technique,advanced_technique_b,B,Technique Depth,Which cooking style fits you best?,4,Simple one-step cook,Simple,0,1,0,-1,0,-1,-1,3,none,advancedTechnique,"{""advancedTechnique"":""Simple single-step""}"
advanced_technique,advanced_technique_c,C,Technique,Which cooking style fits you best?,1,Temp-driven reverse sear,Advanced control,0,1,0,1,0,2,4,4,none,advancedTechnique,"{""advancedTechnique"":""Temp-driven reverse sear""}"
advanced_technique,advanced_technique_c,C,Technique,Which cooking style fits you best?,2,Two-zone grill control,Controlled fire,0,0,1,0,0,1,2,2,none,advancedTechnique,"{""advancedTechnique"":""Two-zone heat control""}"
advanced_technique,advanced_technique_c,C,Technique,Which cooking style fits you best?,3,Marinade + hot sear,Flavor-first,0,0,1,1,1,0,3,3,none,advancedTechnique,"{""advancedTechnique"":""Marinade and high heat""}"
advanced_technique,advanced_technique_c,C,Technique,Which cooking style fits you best?,4,Simple one-step cook,Simple,0,1,0,-1,0,-1,-1,3,none,advancedTechnique,"{""advancedTechnique"":""Simple single-step""}"
butcher_precision,butcher_precision_a,A,Purchase Precision,How specific are you at the meat case?,1,Exact cut and thickness,Spec-driven,0,0,0,1,0,2,3,3,none,buyPrecision,"{""buyPrecision"":""Exact spec""}"
butcher_precision,butcher_precision_a,A,Purchase Precision,How specific are you at the meat case?,2,"Exact cut, flexible thickness",Cut-specific,0,0,0,1,0,1,2,2,none,buyPrecision,"{""buyPrecision"":""Exact cut flexible thickness""}"
butcher_precision,butcher_precision_a,A,Purchase Precision,How specific are you at the meat case?,3,Cut family matters most,Flexible by family,0,0,0,0,1,1,2,2,none,buyPrecision,"{""buyPrecision"":""Family-level flexibility""}"
butcher_precision,butcher_precision_a,A,Purchase Precision,How specific are you at the meat case?,4,I choose what looks best,Open choice,0,0,0,-1,1,-1,-1,3,none,buyPrecision,"{""buyPrecision"":""Open with guidance""}"
butcher_precision,butcher_precision_b,B,Purchase Precision,How specific are you at the meat case?,1,Exact cut and thickness,Spec-driven,0,0,0,1,0,2,3,3,none,buyPrecision,"{""buyPrecision"":""Exact spec""}"
butcher_precision,butcher_precision_b,B,Purchase Precision,How specific are you at the meat case?,2,"Exact cut, flexible thickness",Cut-specific,0,0,0,1,0,1,2,2,none,buyPrecision,"{""buyPrecision"":""Exact cut flexible thickness""}"
butcher_precision,butcher_precision_b,B,Purchase Precision,How specific are you at the meat case?,3,Cut family matters most,Flexible by family,0,0,0,0,1,1,2,2,none,buyPrecision,"{""buyPrecision"":""Family-level flexibility""}"
butcher_precision,butcher_precision_b,B,Purchase Precision,How specific are you at the meat case?,4,I choose what looks best,Open choice,0,0,0,-1,1,-1,-1,3,none,buyPrecision,"{""buyPrecision"":""Open with guidance""}"
butcher_precision,butcher_precision_c,C,Butcher Ask,How specific are you at the meat case?,1,Exact cut and thickness,Spec-driven,0,0,0,1,0,2,3,3,none,buyPrecision,"{""buyPrecision"":""Exact spec""}"
butcher_precision,butcher_precision_c,C,Butcher Ask,How specific are you at the meat case?,2,"Exact cut, flexible thickness",Cut-specific,0,0,0,1,0,1,2,2,none,buyPrecision,"{""buyPrecision"":""Exact cut flexible thickness""}"
butcher_precision,butcher_precision_c,C,Butcher Ask,How specific are you at the meat case?,3,Cut family matters most,Flexible by family,0,0,0,0,1,1,2,2,none,buyPrecision,"{""buyPrecision"":""Family-level flexibility""}"
butcher_precision,butcher_precision_c,C,Butcher Ask,How specific are you at the meat case?,4,I choose what looks best,Open choice,0,0,0,-1,1,-1,-1,3,none,buyPrecision,"{""buyPrecision"":""Open with guidance""}"
guidance_level,guidance_level_a,A,Guidance Style,What kind of recommendation helps most?,1,One best cut and simple steps,Direct guidance,0,0,0,-1,0,1,0,2,none,guidanceLevel,"{""guidanceLevel"":""Single cut + simple steps""}"
guidance_level,guidance_level_a,A,Guidance Style,What kind of recommendation helps most?,2,Top 3 options with swaps,Option set,0,0,0,0,1,1,2,2,none,guidanceLevel,"{""guidanceLevel"":""Top 3 + swaps""}"
guidance_level,guidance_level_a,A,Guidance Style,What kind of recommendation helps most?,3,Teach me one new cut each time,Grow skills,0,0,0,2,0,1,3,3,none,guidanceLevel,"{""guidanceLevel"":""Learn progressively""}"
guidance_level,guidance_level_a,A,Guidance Style,What kind of recommendation helps most?,4,Keep it familiar and safe,Familiar-first,0,0,0,-2,1,1,0,4,none,guidanceLevel,"{""guidanceLevel"":""Familiar only""}"
guidance_level,guidance_level_b,B,Guidance Style,What kind of recommendation helps most?,1,One best cut and simple steps,Direct guidance,0,0,0,-1,0,1,0,2,none,guidanceLevel,"{""guidanceLevel"":""Single cut + simple steps""}"
guidance_level,guidance_level_b,B,Guidance Style,What kind of recommendation helps most?,2,Top 3 options with swaps,Option set,0,0,0,0,1,1,2,2,none,guidanceLevel,"{""guidanceLevel"":""Top 3 + swaps""}"
guidance_level,guidance_level_b,B,Guidance Style,What kind of recommendation helps most?,3,Teach me one new cut each time,Grow skills,0,0,0,2,0,1,3,3,none,guidanceLevel,"{""guidanceLevel"":""Learn progressively""}"
guidance_level,guidance_level_b,B,Guidance Style,What kind of recommendation helps most?,4,Keep it familiar and safe,Familiar-first,0,0,0,-2,1,1,0,4,none,guidanceLevel,"{""guidanceLevel"":""Familiar only""}"
guidance_level,guidance_level_c,C,Guidance,What kind of recommendation helps most?,1,One best cut and simple steps,Direct guidance,0,0,0,-1,0,1,0,2,none,guidanceLevel,"{""guidanceLevel"":""Single cut + simple steps""}"
guidance_level,guidance_level_c,C,Guidance,What kind of recommendation helps most?,2,Top 3 options with swaps,Option set,0,0,0,0,1,1,2,2,none,guidanceLevel,"{""guidanceLevel"":""Top 3 + swaps""}"
guidance_level,guidance_level_c,C,Guidance,What kind of recommendation helps most?,3,Teach me one new cut each time,Grow skills,0,0,0,2,0,1,3,3,none,guidanceLevel,"{""guidanceLevel"":""Learn progressively""}"
guidance_level,guidance_level_c,C,Guidance,What kind of recommendation helps most?,4,Keep it familiar and safe,Familiar-first,0,0,0,-2,1,1,0,4,none,guidanceLevel,"{""guidanceLevel"":""Familiar only""}"
doneness,doneness_a,A,Doneness,How done do you like your beef?,1,Rare / Med-rare,Lower endpoint,1,0,1,0,0,1,3,3,none,doneness,"{""doneness"":""Rare / Medium-rare""}"
doneness,doneness_a,A,Doneness,How done do you like your beef?,2,Medium,Balanced,0,1,0,0,0,1,2,2,none,doneness,"{""doneness"":""Medium""}"
doneness,doneness_a,A,Doneness,How done do you like your beef?,3,Med-well / Well,Higher endpoint,-1,0,-1,0,1,0,-1,3,value_vs_richness,doneness,"{""doneness"":""Medium-well / Well done""}"
doneness,doneness_a,A,Doneness,How done do you like your beef?,4,Depends on cut,Varies,0,0,0,1,0,2,3,3,none,doneness,"{""doneness"":""Varies by cut""}"
doneness,doneness_b,B,Doneness,How done do you like your beef?,1,Rare / Med-rare,Lower endpoint,1,0,1,0,0,1,3,3,none,doneness,"{""doneness"":""Rare / Medium-rare""}"
doneness,doneness_b,B,Doneness,How done do you like your beef?,2,Medium,Balanced,0,1,0,0,0,1,2,2,none,doneness,"{""doneness"":""Medium""}"
doneness,doneness_b,B,Doneness,How done do you like your beef?,3,Med-well / Well,Higher endpoint,-1,0,-1,0,1,0,-1,3,value_vs_richness,doneness,"{""doneness"":""Medium-well / Well done""}"
doneness,doneness_b,B,Doneness,How done do you like your beef?,4,Depends on cut,Varies,0,0,0,1,0,2,3,3,none,doneness,"{""doneness"":""Varies by cut""}"
doneness,doneness_c,C,Finish,How done do you like your beef?,1,Rare / Med-rare,Lower endpoint,1,0,1,0,0,1,3,3,none,doneness,"{""doneness"":""Rare / Medium-rare""}"
doneness,doneness_c,C,Finish,How done do you like your beef?,2,Medium,Balanced,0,1,0,0,0,1,2,2,none,doneness,"{""doneness"":""Medium""}"
doneness,doneness_c,C,Finish,How done do you like your beef?,3,Med-well / Well,Higher endpoint,-1,0,-1,0,1,0,-1,3,value_vs_richness,doneness,"{""doneness"":""Medium-well / Well done""}"
doneness,doneness_c,C,Finish,How done do you like your beef?,4,Depends on cut,Varies,0,0,0,1,0,2,3,3,none,doneness,"{""doneness"":""Varies by cut""}"
seasoning,seasoning_a,A,Seasoning,How do you season it?,1,Salt + pepper,Simple,0,1,0,-1,0,1,1,3,none,seasoningStyle|seasoningIntent,"{""seasoningStyle"":""Salt + pepper"",""seasoningIntent"":""Simple prep""}"
seasoning,seasoning_a,A,Seasoning,How do you season it?,2,Butter + herbs,Baste,1,0,0,0,0,1,2,2,none,seasoningStyle|seasoningIntent,"{""seasoningStyle"":""Butter + herbs"",""seasoningIntent"":""Quality showcase""}"
seasoning,seasoning_a,A,Seasoning,How do you season it?,3,Dry rub or marinade,Layered,0,0,1,2,1,0,4,4,none,seasoningStyle,"{""seasoningStyle"":""Rub / marinade""}"
seasoning,seasoning_a,A,Seasoning,How do you season it?,4,Sauce-forward,Sauced,0,-1,1,0,1,0,1,3,value_vs_tenderness|boldness_vs_tenderness,seasoningStyle,"{""seasoningStyle"":""Sauce-forward""}"
seasoning,seasoning_b,B,Seasoning,How do you season it?,1,Salt + pepper,Simple,0,1,0,-1,0,1,1,3,none,seasoningStyle|seasoningIntent,"{""seasoningStyle"":""Salt + pepper"",""seasoningIntent"":""Simple prep""}"
seasoning,seasoning_b,B,Seasoning,How do you season it?,2,Butter + herbs,Baste,1,0,0,0,0,1,2,2,none,seasoningStyle|seasoningIntent,"{""seasoningStyle"":""Butter + herbs"",""seasoningIntent"":""Quality showcase""}"
seasoning,seasoning_b,B,Seasoning,How do you season it?,3,Dry rub or marinade,Layered,0,0,1,2,1,0,4,4,none,seasoningStyle,"{""seasoningStyle"":""Rub / marinade""}"
seasoning,seasoning_b,B,Seasoning,How do you season it?,4,Sauce-forward,Sauced,0,-1,1,0,1,0,1,3,value_vs_tenderness|boldness_vs_tenderness,seasoningStyle,"{""seasoningStyle"":""Sauce-forward""}"
seasoning,seasoning_c,C,Seasoning Style,How do you season it?,1,Salt + pepper,Simple,0,1,0,-1,0,1,1,3,none,seasoningStyle|seasoningIntent,"{""seasoningStyle"":""Salt + pepper"",""seasoningIntent"":""Simple prep""}"
seasoning,seasoning_c,C,Seasoning Style,How do you season it?,2,Butter + herbs,Baste,1,0,0,0,0,1,2,2,none,seasoningStyle|seasoningIntent,"{""seasoningStyle"":""Butter + herbs"",""seasoningIntent"":""Quality showcase""}"
seasoning,seasoning_c,C,Seasoning Style,How do you season it?,3,Dry rub or marinade,Layered,0,0,1,2,1,0,4,4,none,seasoningStyle,"{""seasoningStyle"":""Rub / marinade""}"
seasoning,seasoning_c,C,Seasoning Style,How do you season it?,4,Sauce-forward,Sauced,0,-1,1,0,1,0,1,3,value_vs_tenderness|boldness_vs_tenderness,seasoningStyle,"{""seasoningStyle"":""Sauce-forward""}"
portion,portion_a,A,Plating,How do you want it served?,1,Solo steak,Compact,-1,1,0,0,0,1,1,3,none,portionStyle,"{""portionStyle"":""6-8 oz single steak""}"
portion,portion_a,A,Plating,How do you want it served?,2,Steakhouse plate,Classic,1,0,1,0,0,0,2,2,none,portionStyle,"{""portionStyle"":""8-12 oz steakhouse cut""}"
portion,portion_a,A,Plating,How do you want it served?,3,Shareable sliced,Shareable,0,0,1,1,1,0,3,3,none,portionStyle,"{""portionStyle"":""Large shareable sliced cut""}"
portion,portion_a,A,Plating,How do you want it served?,4,Handheld cookout,Handheld,0,1,1,-1,3,-1,3,7,none,portionStyle,"{""portionStyle"":""Handheld cookout style""}"
portion,portion_a,A,Plating,How do you want it served?,5,Tacos / bowls,Pre-sliced,-1,0,0,1,2,0,2,4,value_vs_richness,portionStyle,"{""portionStyle"":""Thin-sliced applications""}"
portion,portion_b,B,Plating,How do you want it served?,1,Solo steak,Compact,-1,1,0,0,0,1,1,3,none,portionStyle,"{""portionStyle"":""6-8 oz single steak""}"
portion,portion_b,B,Plating,How do you want it served?,2,Steakhouse plate,Classic,1,0,1,0,0,0,2,2,none,portionStyle,"{""portionStyle"":""8-12 oz steakhouse cut""}"
portion,portion_b,B,Plating,How do you want it served?,3,Shareable sliced,Shareable,0,0,1,1,1,0,3,3,none,portionStyle,"{""portionStyle"":""Large shareable sliced cut""}"
portion,portion_b,B,Plating,How do you want it served?,4,Handheld cookout,Handheld,0,1,1,-1,3,-1,3,7,none,portionStyle,"{""portionStyle"":""Handheld cookout style""}"
portion,portion_b,B,Plating,How do you want it served?,5,Tacos / bowls,Pre-sliced,-1,0,0,1,2,0,2,4,value_vs_richness,portionStyle,"{""portionStyle"":""Thin-sliced applications""}"
portion,portion_c,C,Serve,How do you want it served?,1,Solo steak,Compact,-1,1,0,0,0,1,1,3,none,portionStyle,"{""portionStyle"":""6-8 oz single steak""}"
portion,portion_c,C,Serve,How do you want it served?,2,Steakhouse plate,Classic,1,0,1,0,0,0,2,2,none,portionStyle,"{""portionStyle"":""8-12 oz steakhouse cut""}"
portion,portion_c,C,Serve,How do you want it served?,3,Shareable sliced,Shareable,0,0,1,1,1,0,3,3,none,portionStyle,"{""portionStyle"":""Large shareable sliced cut""}"
portion,portion_c,C,Serve,How do you want it served?,4,Handheld cookout,Handheld,0,1,1,-1,3,-1,3,7,none,portionStyle,"{""portionStyle"":""Handheld cookout style""}"
portion,portion_c,C,Serve,How do you want it served?,5,Tacos / bowls,Pre-sliced,-1,0,0,1,2,0,2,4,value_vs_richness,portionStyle,"{""portionStyle"":""Thin-sliced applications""}"
budget,budget_a,A,Budget,What budget fits this meal best?,1,Premium,Premium,1,1,0,0,-3,0,-1,5,richness_vs_value|tenderness_vs_value,budget,"{""budget"":""Premium / no strict limit""}"
budget,budget_a,A,Budget,What budget fits this meal best?,2,Mid-premium,Selective,1,1,0,0,-1,0,1,3,richness_vs_value|tenderness_vs_value,budget,"{""budget"":""Mid-premium""}"
budget,budget_a,A,Budget,What budget fits this meal best?,3,Balanced,Balanced,0,0,0,0,1,1,2,2,none,budget,"{""budget"":""Moderate""}"
budget,budget_a,A,Budget,What budget fits this meal best?,4,Value,Value,0,0,1,1,3,0,5,5,none,budget,"{""budget"":""Value-focused""}"
budget,budget_a,A,Budget,What budget fits this meal best?,5,Lowest cost,Low cost,0,-1,1,0,4,0,4,6,value_vs_tenderness|boldness_vs_tenderness,budget,"{""budget"":""Lowest-cost options first""}"
budget,budget_b,B,Budget,What budget fits this meal best?,1,Premium,Premium,1,1,0,0,-3,0,-1,5,richness_vs_value|tenderness_vs_value,budget,"{""budget"":""Premium / no strict limit""}"
budget,budget_b,B,Budget,What budget fits this meal best?,2,Mid-premium,Selective,1,1,0,0,-1,0,1,3,richness_vs_value|tenderness_vs_value,budget,"{""budget"":""Mid-premium""}"
budget,budget_b,B,Budget,What budget fits this meal best?,3,Balanced,Balanced,0,0,0,0,1,1,2,2,none,budget,"{""budget"":""Moderate""}"
budget,budget_b,B,Budget,What budget fits this meal best?,4,Value,Value,0,0,1,1,3,0,5,5,none,budget,"{""budget"":""Value-focused""}"
budget,budget_b,B,Budget,What budget fits this meal best?,5,Lowest cost,Low cost,0,-1,1,0,4,0,4,6,value_vs_tenderness|boldness_vs_tenderness,budget,"{""budget"":""Lowest-cost options first""}"
budget,budget_c,C,Spend,What budget fits this meal best?,1,Premium,Premium,1,1,0,0,-3,0,-1,5,richness_vs_value|tenderness_vs_value,budget,"{""budget"":""Premium / no strict limit""}"
budget,budget_c,C,Spend,What budget fits this meal best?,2,Mid-premium,Selective,1,1,0,0,-1,0,1,3,richness_vs_value|tenderness_vs_value,budget,"{""budget"":""Mid-premium""}"
budget,budget_c,C,Spend,What budget fits this meal best?,3,Balanced,Balanced,0,0,0,0,1,1,2,2,none,budget,"{""budget"":""Moderate""}"
budget,budget_c,C,Spend,What budget fits this meal best?,4,Value,Value,0,0,1,1,3,0,5,5,none,budget,"{""budget"":""Value-focused""}"
budget,budget_c,C,Spend,What budget fits this meal best?,5,Lowest cost,Low cost,0,-1,1,0,4,0,4,6,value_vs_tenderness|boldness_vs_tenderness,budget,"{""budget"":""Lowest-cost options first""}"
priority,priority_a,A,Priority,What matters most to you?,1,Eating quality,Quality,1,1,0,0,-1,0,1,3,richness_vs_value|tenderness_vs_value,priority,"{""priority"":""Best eating quality""}"
priority,priority_a,A,Priority,What matters most to you?,2,Best value,Value,0,0,1,0,2,0,3,3,none,priority,"{""priority"":""Best value""}"
priority,priority_a,A,Priority,What matters most to you?,3,Consistency,Consistency,0,1,0,0,0,2,3,3,none,priority,"{""priority"":""Best consistency""}"
priority,priority_a,A,Priority,What matters most to you?,4,Method fit,Method,0,0,1,1,0,1,3,3,none,priority,"{""priority"":""Best fit for the cooking method""}"
priority,priority_b,B,Priority,What matters most to you?,1,Eating quality,Quality,1,1,0,0,-1,0,1,3,richness_vs_value|tenderness_vs_value,priority,"{""priority"":""Best eating quality""}"
priority,priority_b,B,Priority,What matters most to you?,2,Best value,Value,0,0,1,0,2,0,3,3,none,priority,"{""priority"":""Best value""}"
priority,priority_b,B,Priority,What matters most to you?,3,Consistency,Consistency,0,1,0,0,0,2,3,3,none,priority,"{""priority"":""Best consistency""}"
priority,priority_b,B,Priority,What matters most to you?,4,Method fit,Method,0,0,1,1,0,1,3,3,none,priority,"{""priority"":""Best fit for the cooking method""}"
priority,priority_c,C,Driver,What matters most to you?,1,Eating quality,Quality,1,1,0,0,-1,0,1,3,richness_vs_value|tenderness_vs_value,priority,"{""priority"":""Best eating quality""}"
priority,priority_c,C,Driver,What matters most to you?,2,Best value,Value,0,0,1,0,2,0,3,3,none,priority,"{""priority"":""Best value""}"
priority,priority_c,C,Driver,What matters most to you?,3,Consistency,Consistency,0,1,0,0,0,2,3,3,none,priority,"{""priority"":""Best consistency""}"
priority,priority_c,C,Driver,What matters most to you?,4,Method fit,Method,0,0,1,1,0,1,3,3,none,priority,"{""priority"":""Best fit for the cooking method""}"
flexibility,flexibility_a,A,Buying Style,"At the meat case, what usually guides your choice?",1,Stick with familiar cuts,Familiar-first,0,0,0,-2,1,1,0,4,none,comfort|expertiseBand|budget|substitution,"{""comfort"":""Need guidance / recipes"",""expertiseBand"":""Beginner"",""budget"":""Moderate"",""substitution"":""Low (exact cuts only)""}"
flexibility,flexibility_a,A,Buying Style,"At the meat case, what usually guides your choice?",2,Best quality within budget,Balanced quality,1,1,0,0,1,1,4,4,none,comfort|expertiseBand|budget|substitution,"{""comfort"":""Comfortable with common cuts"",""expertiseBand"":""Intermediate"",""budget"":""Mid-premium"",""substitution"":""Moderate (performance-based)""}"
flexibility,flexibility_a,A,Buying Style,"At the meat case, what usually guides your choice?",3,Best value for the meal,Value-first,0,0,1,1,2,0,4,4,none,comfort|budget|substitution,"{""comfort"":""Comfortable with common cuts"",""budget"":""Value-focused"",""substitution"":""High (cost-based)""}"
flexibility,flexibility_a,A,Buying Style,"At the meat case, what usually guides your choice?",4,Open to premium standouts,Premium-open,1,1,0,1,-1,1,3,5,richness_vs_value|tenderness_vs_value|precision_vs_value,comfort|expertiseBand|budget|substitution,"{""comfort"":""Expert cut fluency"",""expertiseBand"":""Intermediate"",""budget"":""Premium / no strict limit"",""substitution"":""Limited""}"
flexibility,flexibility_b,B,Buying Style,"At the meat case, what usually guides your choice?",1,Stick with familiar cuts,Familiar-first,0,0,0,-2,1,1,0,4,none,comfort|expertiseBand|budget|substitution,"{""comfort"":""Need guidance / recipes"",""expertiseBand"":""Beginner"",""budget"":""Moderate"",""substitution"":""Low (exact cuts only)""}"
flexibility,flexibility_b,B,Buying Style,"At the meat case, what usually guides your choice?",2,Best quality within budget,Balanced quality,1,1,0,0,1,1,4,4,none,comfort|expertiseBand|budget|substitution,"{""comfort"":""Comfortable with common cuts"",""expertiseBand"":""Intermediate"",""budget"":""Mid-premium"",""substitution"":""Moderate (performance-based)""}"
flexibility,flexibility_b,B,Buying Style,"At the meat case, what usually guides your choice?",3,Best value for the meal,Value-first,0,0,1,1,2,0,4,4,none,comfort|budget|substitution,"{""comfort"":""Comfortable with common cuts"",""budget"":""Value-focused"",""substitution"":""High (cost-based)""}"
flexibility,flexibility_b,B,Buying Style,"At the meat case, what usually guides your choice?",4,Open to premium standouts,Premium-open,1,1,0,1,-1,1,3,5,richness_vs_value|tenderness_vs_value|precision_vs_value,comfort|expertiseBand|budget|substitution,"{""comfort"":""Expert cut fluency"",""expertiseBand"":""Intermediate"",""budget"":""Premium / no strict limit"",""substitution"":""Limited""}"
flexibility,flexibility_c,C,Case Style,"At the meat case, what usually guides your choice?",1,Stick with familiar cuts,Familiar-first,0,0,0,-2,1,1,0,4,none,comfort|expertiseBand|budget|substitution,"{""comfort"":""Need guidance / recipes"",""expertiseBand"":""Beginner"",""budget"":""Moderate"",""substitution"":""Low (exact cuts only)""}"
flexibility,flexibility_c,C,Case Style,"At the meat case, what usually guides your choice?",2,Best quality within budget,Balanced quality,1,1,0,0,1,1,4,4,none,comfort|expertiseBand|budget|substitution,"{""comfort"":""Comfortable with common cuts"",""expertiseBand"":""Intermediate"",""budget"":""Mid-premium"",""substitution"":""Moderate (performance-based)""}"
flexibility,flexibility_c,C,Case Style,"At the meat case, what usually guides your choice?",3,Best value for the meal,Value-first,0,0,1,1,2,0,4,4,none,comfort|budget|substitution,"{""comfort"":""Comfortable with common cuts"",""budget"":""Value-focused"",""substitution"":""High (cost-based)""}"
flexibility,flexibility_c,C,Case Style,"At the meat case, what usually guides your choice?",4,Open to premium standouts,Premium-open,1,1,0,1,-1,1,3,5,richness_vs_value|tenderness_vs_value|precision_vs_value,comfort|expertiseBand|budget|substitution,"{""comfort"":""Expert cut fluency"",""expertiseBand"":""Intermediate"",""budget"":""Premium / no strict limit"",""substitution"":""Limited""}"
bone,bone_a,A,Bone,"For premium presentation, bone-in or boneless?",1,Boneless,Boneless,0,1,0,-1,0,1,1,3,none,bonePreference,"{""bonePreference"":""Boneless""}"
bone,bone_a,A,Bone,"For premium presentation, bone-in or boneless?",2,Bone-in,Bone-in,1,0,1,2,0,1,5,5,none,bonePreference,"{""bonePreference"":""Bone-in""}"
bone,bone_a,A,Bone,"For premium presentation, bone-in or boneless?",3,Either,Either,0,0,0,0,0,0,0,0,none,bonePreference,"{""bonePreference"":""Either""}"
bone,bone_b,B,Bone,"Bone-in, boneless, or either?",1,Boneless,Boneless,0,1,0,-1,0,1,1,3,none,bonePreference,"{""bonePreference"":""Boneless""}"
bone,bone_b,B,Bone,"Bone-in, boneless, or either?",2,Bone-in,Bone-in,1,0,1,2,0,1,5,5,none,bonePreference,"{""bonePreference"":""Bone-in""}"
bone,bone_b,B,Bone,"Bone-in, boneless, or either?",3,Either,Either,0,0,0,0,0,0,0,0,none,bonePreference,"{""bonePreference"":""Either""}"
bone,bone_c,C,Bone,"Bone-in, boneless, or either?",1,Boneless,Boneless,0,1,0,-1,0,1,1,3,none,bonePreference,"{""bonePreference"":""Boneless""}"
bone,bone_c,C,Bone,"Bone-in, boneless, or either?",2,Bone-in,Bone-in,1,0,1,2,0,1,5,5,none,bonePreference,"{""bonePreference"":""Bone-in""}"
bone,bone_c,C,Bone,"Bone-in, boneless, or either?",3,Either,Either,0,0,0,0,0,0,0,0,none,bonePreference,"{""bonePreference"":""Either""}"
cook_window,cook_window_a,A,Prep Effort,How much prep effort are you willing to do?,1,Minimal prep only,Low effort,0,1,0,-1,1,-1,0,4,none,prepEffort|cookWindow,"{""prepEffort"":""Low"",""cookWindow"":""10-15 minutes""}"
cook_window,cook_window_a,A,Prep Effort,How much prep effort are you willing to do?,2,Quick prep is fine,Moderate effort,0,0,0,0,0,1,1,1,none,prepEffort|cookWindow,"{""prepEffort"":""Medium"",""cookWindow"":""20-30 minutes""}"
cook_window,cook_window_a,A,Prep Effort,How much prep effort are you willing to do?,3,Marinade/trim prep is fine,Higher effort,0,0,1,1,1,1,4,4,none,prepEffort|cookWindow,"{""prepEffort"":""High"",""cookWindow"":""30-45 minutes""}"
cook_window,cook_window_a,A,Prep Effort,How much prep effort are you willing to do?,4,I enjoy full project cooks,Project cook,0,0,1,2,-1,2,4,6,precision_vs_value,prepEffort|cookWindow,"{""prepEffort"":""Very high"",""cookWindow"":""45+ minute project""}"
cook_window,cook_window_b,B,Prep Effort,How much prep effort are you willing to do?,1,Minimal prep only,Low effort,0,1,0,-1,1,-1,0,4,none,prepEffort|cookWindow,"{""prepEffort"":""Low"",""cookWindow"":""10-15 minutes""}"
cook_window,cook_window_b,B,Prep Effort,How much prep effort are you willing to do?,2,Quick prep is fine,Moderate effort,0,0,0,0,0,1,1,1,none,prepEffort|cookWindow,"{""prepEffort"":""Medium"",""cookWindow"":""20-30 minutes""}"
cook_window,cook_window_b,B,Prep Effort,How much prep effort are you willing to do?,3,Marinade/trim prep is fine,Higher effort,0,0,1,1,1,1,4,4,none,prepEffort|cookWindow,"{""prepEffort"":""High"",""cookWindow"":""30-45 minutes""}"
cook_window,cook_window_b,B,Prep Effort,How much prep effort are you willing to do?,4,I enjoy full project cooks,Project cook,0,0,1,2,-1,2,4,6,precision_vs_value,prepEffort|cookWindow,"{""prepEffort"":""Very high"",""cookWindow"":""45+ minute project""}"
cook_window,cook_window_c,C,Prep,How much prep effort are you willing to do?,1,Minimal prep only,Low effort,0,1,0,-1,1,-1,0,4,none,prepEffort|cookWindow,"{""prepEffort"":""Low"",""cookWindow"":""10-15 minutes""}"
cook_window,cook_window_c,C,Prep,How much prep effort are you willing to do?,2,Quick prep is fine,Moderate effort,0,0,0,0,0,1,1,1,none,prepEffort|cookWindow,"{""prepEffort"":""Medium"",""cookWindow"":""20-30 minutes""}"
cook_window,cook_window_c,C,Prep,How much prep effort are you willing to do?,3,Marinade/trim prep is fine,Higher effort,0,0,1,1,1,1,4,4,none,prepEffort|cookWindow,"{""prepEffort"":""High"",""cookWindow"":""30-45 minutes""}"
cook_window,cook_window_c,C,Prep,How much prep effort are you willing to do?,4,I enjoy full project cooks,Project cook,0,0,1,2,-1,2,4,6,precision_vs_value,prepEffort|cookWindow,"{""prepEffort"":""Very high"",""cookWindow"":""45+ minute project""}"
smoke,smoke_a,A,Smoke,How much smoke flavor do you want?,1,None,No smoke,0,1,-1,0,0,1,1,3,none,smokeLevel,"{""smokeLevel"":""None""}"
smoke,smoke_a,A,Smoke,How much smoke flavor do you want?,2,Light,Light smoke,0,0,1,0,0,0,1,1,none,smokeLevel,"{""smokeLevel"":""Light""}"
smoke,smoke_a,A,Smoke,How much smoke flavor do you want?,3,Medium,Medium smoke,0,0,1,1,0,0,2,2,none,smokeLevel,"{""smokeLevel"":""Medium""}"
smoke,smoke_a,A,Smoke,How much smoke flavor do you want?,4,Heavy,Heavy smoke,1,0,2,1,0,0,4,4,none,smokeLevel,"{""smokeLevel"":""Heavy""}"
smoke,smoke_b,B,Smoke,How much smoke flavor do you want?,1,None,No smoke,0,1,-1,0,0,1,1,3,none,smokeLevel,"{""smokeLevel"":""None""}"
smoke,smoke_b,B,Smoke,How much smoke flavor do you want?,2,Light,Light smoke,0,0,1,0,0,0,1,1,none,smokeLevel,"{""smokeLevel"":""Light""}"
smoke,smoke_b,B,Smoke,How much smoke flavor do you want?,3,Medium,Medium smoke,0,0,1,1,0,0,2,2,none,smokeLevel,"{""smokeLevel"":""Medium""}"
smoke,smoke_b,B,Smoke,How much smoke flavor do you want?,4,Heavy,Heavy smoke,1,0,2,1,0,0,4,4,none,smokeLevel,"{""smokeLevel"":""Heavy""}"
smoke,smoke_c,C,BBQ,How much smoke flavor do you want?,1,None,No smoke,0,1,-1,0,0,1,1,3,none,smokeLevel,"{""smokeLevel"":""None""}"
smoke,smoke_c,C,BBQ,How much smoke flavor do you want?,2,Light,Light smoke,0,0,1,0,0,0,1,1,none,smokeLevel,"{""smokeLevel"":""Light""}"
smoke,smoke_c,C,BBQ,How much smoke flavor do you want?,3,Medium,Medium smoke,0,0,1,1,0,0,2,2,none,smokeLevel,"{""smokeLevel"":""Medium""}"
smoke,smoke_c,C,BBQ,How much smoke flavor do you want?,4,Heavy,Heavy smoke,1,0,2,1,0,0,4,4,none,smokeLevel,"{""smokeLevel"":""Heavy""}"
fat_cap,fat_cap_a,A,Fat Cap,How do you feel about fat cap?,1,Trim it off,Lean-first,-2,0,0,0,1,0,-1,3,value_vs_richness,fatCapPreference,"{""fatCapPreference"":""Trimmed lean""}"
fat_cap,fat_cap_a,A,Fat Cap,How do you feel about fat cap?,2,A little is fine,Some fat,-1,0,0,0,0,0,-1,1,none,fatCapPreference,"{""fatCapPreference"":""Some fat edge""}"
fat_cap,fat_cap_a,A,Fat Cap,How do you feel about fat cap?,3,I like it,Enjoy fat cap,1,0,1,0,0,0,2,2,none,fatCapPreference,"{""fatCapPreference"":""Like fat cap""}"
fat_cap,fat_cap_a,A,Fat Cap,How do you feel about fat cap?,4,Love fat cap,Fat-forward,2,0,1,0,-1,0,2,4,richness_vs_value,fatCapPreference,"{""fatCapPreference"":""Love fat cap""}"
fat_cap,fat_cap_b,B,Fat Cap,How do you feel about fat cap?,1,Trim it off,Lean-first,-2,0,0,0,1,0,-1,3,value_vs_richness,fatCapPreference,"{""fatCapPreference"":""Trimmed lean""}"
fat_cap,fat_cap_b,B,Fat Cap,How do you feel about fat cap?,2,A little is fine,Some fat,-1,0,0,0,0,0,-1,1,none,fatCapPreference,"{""fatCapPreference"":""Some fat edge""}"
fat_cap,fat_cap_b,B,Fat Cap,How do you feel about fat cap?,3,I like it,Enjoy fat cap,1,0,1,0,0,0,2,2,none,fatCapPreference,"{""fatCapPreference"":""Like fat cap""}"
fat_cap,fat_cap_b,B,Fat Cap,How do you feel about fat cap?,4,Love fat cap,Fat-forward,2,0,1,0,-1,0,2,4,richness_vs_value,fatCapPreference,"{""fatCapPreference"":""Love fat cap""}"
fat_cap,fat_cap_c,C,Fat,How do you feel about fat cap?,1,Trim it off,Lean-first,-2,0,0,0,1,0,-1,3,value_vs_richness,fatCapPreference,"{""fatCapPreference"":""Trimmed lean""}"
fat_cap,fat_cap_c,C,Fat,How do you feel about fat cap?,2,A little is fine,Some fat,-1,0,0,0,0,0,-1,1,none,fatCapPreference,"{""fatCapPreference"":""Some fat edge""}"
fat_cap,fat_cap_c,C,Fat,How do you feel about fat cap?,3,I like it,Enjoy fat cap,1,0,1,0,0,0,2,2,none,fatCapPreference,"{""fatCapPreference"":""Like fat cap""}"
fat_cap,fat_cap_c,C,Fat,How do you feel about fat cap?,4,Love fat cap,Fat-forward,2,0,1,0,-1,0,2,4,richness_vs_value,fatCapPreference,"{""fatCapPreference"":""Love fat cap""}"
chew,chew_a,A,Chew,How much chew do you like?,1,Very soft,Soft,0,2,-1,0,0,0,1,3,none,chewTolerance,"{""chewTolerance"":""Very tender only""}"
chew,chew_a,A,Chew,How much chew do you like?,2,Balanced chew,Balanced,0,1,1,0,0,0,2,2,none,chewTolerance,"{""chewTolerance"":""Balanced chew""}"
chew,chew_a,A,Chew,How much chew do you like?,3,Meaty chew,Chewy,0,-1,2,1,0,0,2,4,boldness_vs_tenderness,chewTolerance,"{""chewTolerance"":""Pronounced chew""}"
chew,chew_a,A,Chew,How much chew do you like?,4,Chew doesn't matter,Flexible,0,0,0,1,1,0,2,2,none,chewTolerance,"{""chewTolerance"":""Chew-flexible""}"
chew,chew_b,B,Chew,How much chew do you like?,1,Very soft,Soft,0,2,-1,0,0,0,1,3,none,chewTolerance,"{""chewTolerance"":""Very tender only""}"
chew,chew_b,B,Chew,How much chew do you like?,2,Balanced chew,Balanced,0,1,1,0,0,0,2,2,none,chewTolerance,"{""chewTolerance"":""Balanced chew""}"
chew,chew_b,B,Chew,How much chew do you like?,3,Meaty chew,Chewy,0,-1,2,1,0,0,2,4,boldness_vs_tenderness,chewTolerance,"{""chewTolerance"":""Pronounced chew""}"
chew,chew_b,B,Chew,How much chew do you like?,4,Chew doesn't matter,Flexible,0,0,0,1,1,0,2,2,none,chewTolerance,"{""chewTolerance"":""Chew-flexible""}"
chew,chew_c,C,Bite,How much chew do you like?,1,Very soft,Soft,0,2,-1,0,0,0,1,3,none,chewTolerance,"{""chewTolerance"":""Very tender only""}"
chew,chew_c,C,Bite,How much chew do you like?,2,Balanced chew,Balanced,0,1,1,0,0,0,2,2,none,chewTolerance,"{""chewTolerance"":""Balanced chew""}"
chew,chew_c,C,Bite,How much chew do you like?,3,Meaty chew,Chewy,0,-1,2,1,0,0,2,4,boldness_vs_tenderness,chewTolerance,"{""chewTolerance"":""Pronounced chew""}"
chew,chew_c,C,Bite,How much chew do you like?,4,Chew doesn't matter,Flexible,0,0,0,1,1,0,2,2,none,chewTolerance,"{""chewTolerance"":""Chew-flexible""}"
meal_format,meal_format_a,A,Core Preference,Which steak lane sounds most like you?,1,Very tender (filet style),Tender-first,1,2,0,0,-1,1,3,5,richness_vs_value|tenderness_vs_value|precision_vs_value,coreLane|mealFormat,"{""coreLane"":""Tender-first"",""mealFormat"":""Plated steak""}"
meal_format,meal_format_a,A,Core Preference,Which steak lane sounds most like you?,2,Rich and juicy (ribeye style),Rich-first,2,0,1,0,-1,0,2,4,richness_vs_value,coreLane|mealFormat,"{""coreLane"":""Rich-first"",""mealFormat"":""Plated steak""}"
meal_format,meal_format_a,A,Core Preference,Which steak lane sounds most like you?,3,Balanced tender + flavor (strip style),Balanced,1,1,1,0,0,1,4,4,none,coreLane|mealFormat,"{""coreLane"":""Balanced"",""mealFormat"":""Sliced board""}"
meal_format,meal_format_a,A,Core Preference,Which steak lane sounds most like you?,4,Beefy flavor + value (sirloin style),Beefy-value,0,-1,2,0,2,0,3,5,value_vs_tenderness|boldness_vs_tenderness,coreLane|mealFormat,"{""coreLane"":""Beefy-value"",""mealFormat"":""Tacos / bowls""}"
meal_format,meal_format_b,B,Core Preference,Which steak lane sounds most like you?,1,Very tender (filet style),Tender-first,1,2,0,0,-1,1,3,5,richness_vs_value|tenderness_vs_value|precision_vs_value,coreLane|mealFormat,"{""coreLane"":""Tender-first"",""mealFormat"":""Plated steak""}"
meal_format,meal_format_b,B,Core Preference,Which steak lane sounds most like you?,2,Rich and juicy (ribeye style),Rich-first,2,0,1,0,-1,0,2,4,richness_vs_value,coreLane|mealFormat,"{""coreLane"":""Rich-first"",""mealFormat"":""Plated steak""}"
meal_format,meal_format_b,B,Core Preference,Which steak lane sounds most like you?,3,Balanced tender + flavor (strip style),Balanced,1,1,1,0,0,1,4,4,none,coreLane|mealFormat,"{""coreLane"":""Balanced"",""mealFormat"":""Sliced board""}"
meal_format,meal_format_b,B,Core Preference,Which steak lane sounds most like you?,4,Beefy flavor + value (sirloin style),Beefy-value,0,-1,2,0,2,0,3,5,value_vs_tenderness|boldness_vs_tenderness,coreLane|mealFormat,"{""coreLane"":""Beefy-value"",""mealFormat"":""Tacos / bowls""}"
meal_format,meal_format_c,C,Steak Lane,Which steak lane sounds most like you?,1,Very tender (filet style),Tender-first,1,2,0,0,-1,1,3,5,richness_vs_value|tenderness_vs_value|precision_vs_value,coreLane|mealFormat,"{""coreLane"":""Tender-first"",""mealFormat"":""Plated steak""}"
meal_format,meal_format_c,C,Steak Lane,Which steak lane sounds most like you?,2,Rich and juicy (ribeye style),Rich-first,2,0,1,0,-1,0,2,4,richness_vs_value,coreLane|mealFormat,"{""coreLane"":""Rich-first"",""mealFormat"":""Plated steak""}"
meal_format,meal_format_c,C,Steak Lane,Which steak lane sounds most like you?,3,Balanced tender + flavor (strip style),Balanced,1,1,1,0,0,1,4,4,none,coreLane|mealFormat,"{""coreLane"":""Balanced"",""mealFormat"":""Sliced board""}"
meal_format,meal_format_c,C,Steak Lane,Which steak lane sounds most like you?,4,Beefy flavor + value (sirloin style),Beefy-value,0,-1,2,0,2,0,3,5,value_vs_tenderness|boldness_vs_tenderness,coreLane|mealFormat,"{""coreLane"":""Beefy-value"",""mealFormat"":""Tacos / bowls""}"
leftovers,leftovers_a,A,Leftovers,Any leftovers planned?,1,No leftovers,Single meal,0,1,0,0,-1,1,1,3,tenderness_vs_value|precision_vs_value,leftoversPlan,"{""leftoversPlan"":""No leftovers""}"
leftovers,leftovers_a,A,Leftovers,Any leftovers planned?,2,Next-day lunch,One extra meal,0,0,1,0,1,0,2,2,none,leftoversPlan,"{""leftoversPlan"":""Next-day lunch""}"
leftovers,leftovers_a,A,Leftovers,Any leftovers planned?,3,2-3 meal prep,Meal prep,0,0,0,0,2,1,3,3,none,leftoversPlan,"{""leftoversPlan"":""2-3 meal prep""}"
leftovers,leftovers_a,A,Leftovers,Any leftovers planned?,4,Batch / freezer,Batch,0,-1,1,0,3,0,3,5,value_vs_tenderness|boldness_vs_tenderness,leftoversPlan,"{""leftoversPlan"":""Batch / freezer""}"
leftovers,leftovers_b,B,Leftovers,Any leftovers planned?,1,No leftovers,Single meal,0,1,0,0,-1,1,1,3,tenderness_vs_value|precision_vs_value,leftoversPlan,"{""leftoversPlan"":""No leftovers""}"
leftovers,leftovers_b,B,Leftovers,Any leftovers planned?,2,Next-day lunch,One extra meal,0,0,1,0,1,0,2,2,none,leftoversPlan,"{""leftoversPlan"":""Next-day lunch""}"
leftovers,leftovers_b,B,Leftovers,Any leftovers planned?,3,2-3 meal prep,Meal prep,0,0,0,0,2,1,3,3,none,leftoversPlan,"{""leftoversPlan"":""2-3 meal prep""}"
leftovers,leftovers_b,B,Leftovers,Any leftovers planned?,4,Batch / freezer,Batch,0,-1,1,0,3,0,3,5,value_vs_tenderness|boldness_vs_tenderness,leftoversPlan,"{""leftoversPlan"":""Batch / freezer""}"
leftovers,leftovers_c,C,Leftovers,Any leftovers planned?,1,No leftovers,Single meal,0,1,0,0,-1,1,1,3,tenderness_vs_value|precision_vs_value,leftoversPlan,"{""leftoversPlan"":""No leftovers""}"
leftovers,leftovers_c,C,Leftovers,Any leftovers planned?,2,Next-day lunch,One extra meal,0,0,1,0,1,0,2,2,none,leftoversPlan,"{""leftoversPlan"":""Next-day lunch""}"
leftovers,leftovers_c,C,Leftovers,Any leftovers planned?,3,2-3 meal prep,Meal prep,0,0,0,0,2,1,3,3,none,leftoversPlan,"{""leftoversPlan"":""2-3 meal prep""}"
leftovers,leftovers_c,C,Leftovers,Any leftovers planned?,4,Batch / freezer,Batch,0,-1,1,0,3,0,3,5,value_vs_tenderness|boldness_vs_tenderness,leftoversPlan,"{""leftoversPlan"":""Batch / freezer""}"
occasion,occasion_a,A,Meal Context,What kind of meal is this?,1,Weeknight dinner,Routine,0,0,0,0,1,1,2,2,none,occasionType,"{""occasionType"":""Weeknight dinner""}"
occasion,occasion_a,A,Meal Context,What kind of meal is this?,2,Date night,Premium,1,1,0,0,-1,0,1,3,richness_vs_value|tenderness_vs_value,occasionType,"{""occasionType"":""Date night""}"
occasion,occasion_a,A,Meal Context,What kind of meal is this?,3,Hosting guests,Entertaining,0,0,1,0,0,1,2,2,none,occasionType,"{""occasionType"":""Hosting guests""}"
occasion,occasion_a,A,Meal Context,What kind of meal is this?,4,Game day / BBQ,Casual crowd,0,0,1,1,1,0,3,3,none,occasionType,"{""occasionType"":""Game day / BBQ""}"
occasion,occasion_b,B,Meal Context,What kind of meal is this?,1,Weeknight dinner,Routine,0,0,0,0,1,1,2,2,none,occasionType,"{""occasionType"":""Weeknight dinner""}"
occasion,occasion_b,B,Meal Context,What kind of meal is this?,2,Date night,Premium,1,1,0,0,-1,0,1,3,richness_vs_value|tenderness_vs_value,occasionType,"{""occasionType"":""Date night""}"
occasion,occasion_b,B,Meal Context,What kind of meal is this?,3,Hosting guests,Entertaining,0,0,1,0,0,1,2,2,none,occasionType,"{""occasionType"":""Hosting guests""}"
occasion,occasion_b,B,Meal Context,What kind of meal is this?,4,Game day / BBQ,Casual crowd,0,0,1,1,1,0,3,3,none,occasionType,"{""occasionType"":""Game day / BBQ""}"
occasion,occasion_c,C,Meal Context,What kind of meal is this?,1,Weeknight dinner,Routine,0,0,0,0,1,1,2,2,none,occasionType,"{""occasionType"":""Weeknight dinner""}"
occasion,occasion_c,C,Meal Context,What kind of meal is this?,2,Date night,Premium,1,1,0,0,-1,0,1,3,richness_vs_value|tenderness_vs_value,occasionType,"{""occasionType"":""Date night""}"
occasion,occasion_c,C,Meal Context,What kind of meal is this?,3,Hosting guests,Entertaining,0,0,1,0,0,1,2,2,none,occasionType,"{""occasionType"":""Hosting guests""}"
occasion,occasion_c,C,Meal Context,What kind of meal is this?,4,Game day / BBQ,Casual crowd,0,0,1,1,1,0,3,3,none,occasionType,"{""occasionType"":""Game day / BBQ""}"
crust,crust_a,A,Crust,How much crust do you want?,1,Light sear,Light,0,1,-1,0,0,1,1,3,none,crustLevel,"{""crustLevel"":""Light sear""}"
crust,crust_a,A,Crust,How much crust do you want?,2,Dark crust,Dark,0,0,1,0,0,1,2,2,none,crustLevel,"{""crustLevel"":""Dark crust""}"
crust,crust_a,A,Crust,How much crust do you want?,3,Hard char,Char-forward,0,0,2,1,0,-1,2,4,adventure_vs_precision,crustLevel,"{""crustLevel"":""Hard char""}"
crust,crust_a,A,Crust,How much crust do you want?,4,No crust focus,Neutral,0,0,0,0,1,0,1,1,none,crustLevel,"{""crustLevel"":""No crust focus""}"
crust,crust_b,B,Crust,How much crust do you want?,1,Light sear,Light,0,1,-1,0,0,1,1,3,none,crustLevel,"{""crustLevel"":""Light sear""}"
crust,crust_b,B,Crust,How much crust do you want?,2,Dark crust,Dark,0,0,1,0,0,1,2,2,none,crustLevel,"{""crustLevel"":""Dark crust""}"
crust,crust_b,B,Crust,How much crust do you want?,3,Hard char,Char-forward,0,0,2,1,0,-1,2,4,adventure_vs_precision,crustLevel,"{""crustLevel"":""Hard char""}"
crust,crust_b,B,Crust,How much crust do you want?,4,No crust focus,Neutral,0,0,0,0,1,0,1,1,none,crustLevel,"{""crustLevel"":""No crust focus""}"
crust,crust_c,C,Crust,How much crust do you want?,1,Light sear,Light,0,1,-1,0,0,1,1,3,none,crustLevel,"{""crustLevel"":""Light sear""}"
crust,crust_c,C,Crust,How much crust do you want?,2,Dark crust,Dark,0,0,1,0,0,1,2,2,none,crustLevel,"{""crustLevel"":""Dark crust""}"
crust,crust_c,C,Crust,How much crust do you want?,3,Hard char,Char-forward,0,0,2,1,0,-1,2,4,adventure_vs_precision,crustLevel,"{""crustLevel"":""Hard char""}"
crust,crust_c,C,Crust,How much crust do you want?,4,No crust focus,Neutral,0,0,0,0,1,0,1,1,none,crustLevel,"{""crustLevel"":""No crust focus""}"
routine,routine_a,A,Routine,How often do you buy beef?,1,Monthly,Low frequency,0,0,0,0,-1,1,0,2,precision_vs_value,routineStyle,"{""routineStyle"":""Monthly""}"
routine,routine_a,A,Routine,How often do you buy beef?,2,Weekly,Regular,0,0,0,0,1,0,1,1,none,routineStyle,"{""routineStyle"":""Weekly""}"
routine,routine_a,A,Routine,How often do you buy beef?,3,2-3 times/week,High frequency,0,0,0,0,2,1,3,3,none,routineStyle,"{""routineStyle"":""2-3 times/week""}"
routine,routine_a,A,Routine,How often do you buy beef?,4,Special treat only,Occasional premium,1,1,0,0,-1,0,1,3,richness_vs_value|tenderness_vs_value,routineStyle,"{""routineStyle"":""Special treat""}"
routine,routine_b,B,Routine,How often do you buy beef?,1,Monthly,Low frequency,0,0,0,0,-1,1,0,2,precision_vs_value,routineStyle,"{""routineStyle"":""Monthly""}"
routine,routine_b,B,Routine,How often do you buy beef?,2,Weekly,Regular,0,0,0,0,1,0,1,1,none,routineStyle,"{""routineStyle"":""Weekly""}"
routine,routine_b,B,Routine,How often do you buy beef?,3,2-3 times/week,High frequency,0,0,0,0,2,1,3,3,none,routineStyle,"{""routineStyle"":""2-3 times/week""}"
routine,routine_b,B,Routine,How often do you buy beef?,4,Special treat only,Occasional premium,1,1,0,0,-1,0,1,3,richness_vs_value|tenderness_vs_value,routineStyle,"{""routineStyle"":""Special treat""}"
routine,routine_c,C,Cadence,How often do you buy beef?,1,Monthly,Low frequency,0,0,0,0,-1,1,0,2,precision_vs_value,routineStyle,"{""routineStyle"":""Monthly""}"
routine,routine_c,C,Cadence,How often do you buy beef?,2,Weekly,Regular,0,0,0,0,1,0,1,1,none,routineStyle,"{""routineStyle"":""Weekly""}"
routine,routine_c,C,Cadence,How often do you buy beef?,3,2-3 times/week,High frequency,0,0,0,0,2,1,3,3,none,routineStyle,"{""routineStyle"":""2-3 times/week""}"
routine,routine_c,C,Cadence,How often do you buy beef?,4,Special treat only,Occasional premium,1,1,0,0,-1,0,1,3,richness_vs_value|tenderness_vs_value,routineStyle,"{""routineStyle"":""Special treat""}"
pairing,pairing_a,A,Side Plan,What sides are you serving with it?,1,Rich sides,Balance rich plate,-1,0,0,0,1,0,0,2,value_vs_richness,pairingStyle,"{""pairingStyle"":""Rich sides""}"
pairing,pairing_a,A,Side Plan,What sides are you serving with it?,2,Light sides,Lean plate,1,0,1,0,0,0,2,2,none,pairingStyle,"{""pairingStyle"":""Light sides""}"
pairing,pairing_a,A,Side Plan,What sides are you serving with it?,3,Saucy sides,Sauce pairing,0,0,1,0,1,0,2,2,none,pairingStyle,"{""pairingStyle"":""Sauce-heavy sides""}"
pairing,pairing_a,A,Side Plan,What sides are you serving with it?,4,Minimal sides,Meat-forward,1,0,1,1,0,0,3,3,none,pairingStyle,"{""pairingStyle"":""Minimal sides""}"
pairing,pairing_b,B,Side Plan,What sides are you serving with it?,1,Rich sides,Balance rich plate,-1,0,0,0,1,0,0,2,value_vs_richness,pairingStyle,"{""pairingStyle"":""Rich sides""}"
pairing,pairing_b,B,Side Plan,What sides are you serving with it?,2,Light sides,Lean plate,1,0,1,0,0,0,2,2,none,pairingStyle,"{""pairingStyle"":""Light sides""}"
pairing,pairing_b,B,Side Plan,What sides are you serving with it?,3,Saucy sides,Sauce pairing,0,0,1,0,1,0,2,2,none,pairingStyle,"{""pairingStyle"":""Sauce-heavy sides""}"
pairing,pairing_b,B,Side Plan,What sides are you serving with it?,4,Minimal sides,Meat-forward,1,0,1,1,0,0,3,3,none,pairingStyle,"{""pairingStyle"":""Minimal sides""}"
pairing,pairing_c,C,Side Plan,What sides are you serving with it?,1,Rich sides,Balance rich plate,-1,0,0,0,1,0,0,2,value_vs_richness,pairingStyle,"{""pairingStyle"":""Rich sides""}"
pairing,pairing_c,C,Side Plan,What sides are you serving with it?,2,Light sides,Lean plate,1,0,1,0,0,0,2,2,none,pairingStyle,"{""pairingStyle"":""Light sides""}"
pairing,pairing_c,C,Side Plan,What sides are you serving with it?,3,Saucy sides,Sauce pairing,0,0,1,0,1,0,2,2,none,pairingStyle,"{""pairingStyle"":""Sauce-heavy sides""}"
pairing,pairing_c,C,Side Plan,What sides are you serving with it?,4,Minimal sides,Meat-forward,1,0,1,1,0,0,3,3,none,pairingStyle,"{""pairingStyle"":""Minimal sides""}"
